"Bestemming en seizoen";"Vakantiekenmerken";"Perioden";"Deelname/Totaal Nederlanders (x 1 000)";"Vakanties/Totaal (x 1 000)";"Vakantiedagen/Totaal (mln )";"Overnachtingen/Totaal (mln )";"Uitgaven/Totaal (mln euro)"
"Totaal vakanties";"Totaal vakanties";"2017*";"   14084";"   41252";"   364.9";"   323.6";"   20637"
"Totaal vakanties";"Totaal vakanties";"2018*";"   14124";"   40854";"   366.9";"   326.1";"   21338"
"Totaal vakanties";"Accommodatie: hotel, pension, B&B";"2017*";"    7642";"   14565";"   101.3";"    86.8";"    9900"
"Totaal vakanties";"Accommodatie: hotel, pension, B&B";"2018*";"    7770";"   14517";"   104.1";"    89.6";"   10300"
"Totaal vakanties";"Accommodatie: vakantiehuis, stacaravan";"2017*";"    6341";"   11740";"    98.8";"    87.1";"    3555"
"Totaal vakanties";"Accommodatie: vakantiehuis, stacaravan";"2018*";"    6457";"   11696";"    99.5";"    87.8";"    3754"
"Totaal vakanties";"Accommodatie: appartement";"2017*";"    2004";"    2451";"    25.0";"    22.5";"    1762"
"Totaal vakanties";"Accommodatie: appartement";"2018*";"    2065";"    2428";"    25.0";"    22.5";"    1855"
"Totaal vakanties";"Accommodatie: kampeerverblijf";"2017*";"    3064";"    5358";"    72.1";"    66.8";"    2172"
"Totaal vakanties";"Accommodatie: kampeerverblijf";"2018*";"    3104";"    5226";"    74.7";"    69.5";"    2143"
"Totaal vakanties";"Accommodatie: particulier (alle)";"2017*";"    4017";"    5726";"    56.2";"    50.5";"    2497"
"Totaal vakanties";"Accommodatie: particulier (alle)";"2018*";"    3942";"    5677";"    53.3";"    47.6";"    2517"
"Totaal vakanties";"Accommodatie: overig, onbekend";"2017*";"     965";"    1412";"    11.4";"    10.0";"     752"
"Totaal vakanties";"Accommodatie: overig, onbekend";"2018*";"     893";"    1310";"    10.3";"     9.0";"     768"
"Totaal vakanties";"Organisatie: eigen recreatieve accom.";"2017*";"    1681";"    5232";"    52.5";"    47.2";"     895"
"Totaal vakanties";"Organisatie: eigen recreatieve accom.";"2018*";"    1709";"    4916";"    52.8";"    47.8";"     923"
"Totaal vakanties";"Organisatie: accommodatie en vervoer";"2017*";"    6023";"    9437";"    95.7";"    86.3";"    9973"
"Totaal vakanties";"Organisatie: accommodatie en vervoer";"2018*";"    6298";"    9822";"   101.1";"    91.3";"   10581"
"Totaal vakanties";"Organisatie: pakketreis";"2017*";"    3850";"    4942";"    53.1";"    48.1";"    5734"
"Totaal vakanties";"Organisatie: pakketreis";"2018*";"    3921";"    5123";"    53.5";"    48.4";"    5984"
"Totaal vakanties";"Organisatie: samengestelde reis";"2017*";"    3080";"    4495";"    42.6";"    38.1";"    4240"
"Totaal vakanties";"Organisatie: samengestelde reis";"2018*";"    3309";"    4699";"    47.6";"    42.9";"    4597"
"Totaal vakanties";"Organisatie: alleen accommodatie";"2017*";"    9129";"   17348";"   124.1";"   106.7";"    5898"
"Totaal vakanties";"Organisatie: alleen accommodatie";"2018*";"    9675";"   18871";"   138.2";"   119.3";"    6709"
"Totaal vakanties";"Organisatie: alleen vervoer";"2017*";"    1676";"    2095";"    30.3";"    28.2";"    1815"
"Totaal vakanties";"Organisatie: alleen vervoer";"2018*";"    1472";"    1869";"    25.4";"    23.5";"    1575"
"Totaal vakanties";"Organisatie: op de bonnefooi";"2017*";"    4715";"    7140";"    62.4";"    55.2";"    2056"
"Totaal vakanties";"Organisatie: op de bonnefooi";"2018*";"    3722";"    5375";"    49.5";"    44.1";"    1550"
"Totaal vakanties";"Reisgezelschap: alleenreizende";"2017*";"    1362";"    2297";"    20.3";"    18.1";"    1459"
"Totaal vakanties";"Reisgezelschap: alleenreizende";"2018*";"    1547";"    2874";"    25.3";"    22.4";"    1993"
"Totaal vakanties";"Reisgezelschap: paar zonder kinderen";"2017*";"    6146";"   15375";"   149.4";"   134.1";"    8815"
"Totaal vakanties";"Reisgezelschap: paar zonder kinderen";"2018*";"    5820";"   13899";"   137.1";"   123.2";"    8132"
"Totaal vakanties";"Reisgezelschap: volwassene en kind(eren)";"2017*";"    6239";"   14240";"   126.3";"   112.1";"    5258"
"Totaal vakanties";"Reisgezelschap: volwassene en kind(eren)";"2018*";"    6259";"   14392";"   132.1";"   117.7";"    5659"
"Totaal vakanties";"Reisgezelschap: familie, anderen";"2017*";"    3636";"    5657";"    44.7";"    39.1";"    3076"
"Totaal vakanties";"Reisgezelschap: familie, anderen";"2018*";"    3775";"    5784";"    46.1";"    40.3";"    3092"
"Totaal vakanties";"Reisgezelschap: vrienden, bekenden, e.a.";"2017*";"    2322";"    3684";"    24.0";"    20.4";"    2028"
"Totaal vakanties";"Reisgezelschap: vrienden, bekenden, e.a.";"2018*";"    2456";"    3904";"    26.3";"    22.4";"    2463"
"Totaal vakanties";"Soort vakantie: eigen recreatieve accom.";"2017*";"    1681";"    5232";"    52.5";"    47.2";"     895"
"Totaal vakanties";"Soort vakantie: eigen recreatieve accom.";"2018*";"    1709";"    4916";"    52.8";"    47.8";"     923"
"Totaal vakanties";"Soort vakantie: actief";"2017*";"    4644";"    7134";"    62.4";"    55.3";"    3455"
"Totaal vakanties";"Soort vakantie: actief";"2018*";"    4271";"    6487";"    57.5";"    51.0";"    3275"
"Totaal vakanties";"Soort vakantie: strand";"2017*";"    3922";"    4841";"    57.8";"    52.9";"    3748"
"Totaal vakanties";"Soort vakantie: strand";"2018*";"    3914";"    4924";"    57.4";"    52.5";"    3897"
"Totaal vakanties";"Soort vakantie: steden";"2017*";"    3438";"    5112";"    27.5";"    22.4";"    2447"
"Totaal vakanties";"Soort vakantie: steden";"2018*";"    3449";"    4975";"    27.6";"    22.7";"    2519"
"Totaal vakanties";"Soort vakantie: natuur";"2017*";"    2015";"    2577";"    27.7";"    25.1";"    1487"
"Totaal vakanties";"Soort vakantie: natuur";"2018*";"    1946";"    2479";"    25.5";"    23.0";"    1355"
"Totaal vakanties";"Soort vakantie: cultuur";"2017*";"    1865";"    2332";"    16.9";"    14.6";"    1269"
"Totaal vakanties";"Soort vakantie: cultuur";"2018*";"    1943";"    2470";"    16.6";"    14.1";"    1248"
"Totaal vakanties";"Soort vakantie: recreatie";"2017*";"    1463";"    1742";"     8.1";"     6.3";"     507"
"Totaal vakanties";"Soort vakantie: recreatie";"2018*";"    1360";"    1596";"     9.0";"     7.4";"     582"
"Totaal vakanties";"Soort vakantie: rondreis";"2017*";"    1495";"    1683";"    30.2";"    28.6";"    3005"
"Totaal vakanties";"Soort vakantie: rondreis";"2018*";"    1618";"    1803";"    32.6";"    30.8";"    3130"
"Totaal vakanties";"Soort vakantie: familie, vrienden, e.d.";"2017*";"    4544";"    6363";"    47.2";"    40.8";"    2028"
"Totaal vakanties";"Soort vakantie: familie, vrienden, e.d.";"2018*";"    3610";"    5008";"    35.6";"    30.6";"    1707"
"Totaal vakanties";"Soort vakantie: overig, onbekend";"2017*";"    3331";"    4237";"    34.7";"    30.4";"    1795"
"Totaal vakanties";"Soort vakantie: overig, onbekend";"2018*";"    4445";"    6197";"    52.4";"    46.2";"    2702"
"Totaal vakanties";"Vakantieduur: 2 tot 5 dagen (kort)";"2017*";"    7552";"   15499";"    48.1";"    32.6";"    2812"
"Totaal vakanties";"Vakantieduur: 2 tot 5 dagen (kort)";"2018*";"    7511";"   14839";"    46.1";"    31.3";"    3039"
"Totaal vakanties";"Vakantieduur: 5 of meer dagen (lang)";"2017*";"   12922";"   25754";"   316.8";"   291.1";"   17825"
"Totaal vakanties";"Vakantieduur: 5 of meer dagen (lang)";"2018*";"   12961";"   26015";"   320.8";"   294.8";"   18299"
"Totaal vakanties";"Vakantieduur: 5 tot 9 dagen";"2017*";"    8093";"   12552";"    82.7";"    70.1";"    5040"
"Totaal vakanties";"Vakantieduur: 5 tot 9 dagen";"2018*";"    8262";"   12657";"    83.6";"    71.0";"    5291"
"Totaal vakanties";"Vakantieduur: 9 tot 16 dagen";"2017*";"    6001";"    7505";"    89.4";"    81.9";"    5842"
"Totaal vakanties";"Vakantieduur: 9 tot 16 dagen";"2018*";"    6025";"    7625";"    90.3";"    82.6";"    5925"
"Totaal vakanties";"Vakantieduur: 16 of meer dagen";"2017*";"    4897";"    5697";"   144.7";"   139.0";"    6942"
"Totaal vakanties";"Vakantieduur: 16 of meer dagen";"2018*";"    4859";"    5732";"   146.9";"   141.1";"    7084"
"Totaal vakanties";"Vervoerwijze: auto";"2017*";"   11152";"   26920";"   208.9";"   181.9";"    7795"
"Totaal vakanties";"Vervoerwijze: auto";"2018*";"   11210";"   26390";"   209.3";"   182.9";"    8085"
"Totaal vakanties";"Vervoerwijze: vliegtuig";"2017*";"    6351";"   10114";"   125.5";"   115.4";"   11203"
"Totaal vakanties";"Vervoerwijze: vliegtuig";"2018*";"    6490";"   10322";"   127.5";"   117.2";"   11455"
"Totaal vakanties";"Vervoerwijze: trein";"2017*";"    1223";"    1742";"     8.8";"     7.1";"     558"
"Totaal vakanties";"Vervoerwijze: trein";"2018*";"    1221";"    1705";"     9.0";"     7.3";"     632"
"Totaal vakanties";"Vervoerwijze: overige ";"2017*";"    1715";"    2476";"    21.7";"    19.2";"    1080"
"Totaal vakanties";"Vervoerwijze: overige ";"2018*";"    1598";"    2436";"    21.1";"    18.7";"    1166"
"Vakantiebestemming: Nederland";"Totaal vakanties";"2017*";"    8786";"   19168";"   118.3";"    99.2";"    3486"
"Vakantiebestemming: Nederland";"Totaal vakanties";"2018*";"    8855";"   18738";"   120.7";"   102.0";"    3902"
"Vakantiebestemming: Nederland";"Accommodatie: hotel, pension, B&B";"2017*";"    3330";"    5077";"    17.0";"    11.9";"    1047"
"Vakantiebestemming: Nederland";"Accommodatie: hotel, pension, B&B";"2018*";"    3217";"    4889";"    17.4";"    12.5";"    1205"
"Vakantiebestemming: Nederland";"Accommodatie: vakantiehuis, stacaravan";"2017*";"    4462";"    8035";"    54.7";"    46.6";"    1416"
"Vakantiebestemming: Nederland";"Accommodatie: vakantiehuis, stacaravan";"2018*";"    4477";"    7882";"    55.0";"    47.1";"    1563"
"Vakantiebestemming: Nederland";"Accommodatie: appartement";"2017*";"     260";"     269";"     1.5";"     1.3";"      75"
"Vakantiebestemming: Nederland";"Accommodatie: appartement";"2018*";"     273";"     290";"     1.8";"     1.6";"     101"
"Vakantiebestemming: Nederland";"Accommodatie: kampeerverblijf";"2017*";"    1694";"    2900";"    27.4";"    24.5";"     487"
"Vakantiebestemming: Nederland";"Accommodatie: kampeerverblijf";"2018*";"    1756";"    2882";"    30.4";"    27.5";"     546"
"Vakantiebestemming: Nederland";"Accommodatie: particulier (alle)";"2017*";"    1489";"    2001";"    11.7";"     9.7";"     324"
"Vakantiebestemming: Nederland";"Accommodatie: particulier (alle)";"2018*";"    1500";"    1988";"    11.6";"     9.6";"     366"
"Vakantiebestemming: Nederland";"Accommodatie: overig, onbekend";"2017*";"     527";"     886";"     6.0";"     5.1";"     137"
"Vakantiebestemming: Nederland";"Accommodatie: overig, onbekend";"2018*";"     494";"     806";"     4.5";"     3.7";"     121"
"Vakantiebestemming: Nederland";"Organisatie: eigen recreatieve accom.";"2017*";"    1177";"    3943";"    33.1";"    29.1";"     369"
"Vakantiebestemming: Nederland";"Organisatie: eigen recreatieve accom.";"2018*";"    1181";"    3715";"    34.9";"    31.1";"     396"
"Vakantiebestemming: Nederland";"Organisatie: accommodatie en vervoer";"2017*";"     390";"     452";"     2.4";"     2.0";"     136"
"Vakantiebestemming: Nederland";"Organisatie: accommodatie en vervoer";"2018*";"     389";"     472";"     2.3";"     1.9";"     174"
"Vakantiebestemming: Nederland";"Organisatie: pakketreis";"2017*";"       .";"       .";"       .";"       .";"       ."
"Vakantiebestemming: Nederland";"Organisatie: pakketreis";"2018*";"       .";"       .";"       .";"       .";"       ."
"Vakantiebestemming: Nederland";"Organisatie: samengestelde reis";"2017*";"     247";"     297";"     1.6";"     1.3";"      74"
"Vakantiebestemming: Nederland";"Organisatie: samengestelde reis";"2018*";"     301";"     346";"     1.8";"     1.5";"     122"
"Vakantiebestemming: Nederland";"Organisatie: alleen accommodatie";"2017*";"    6224";"   10218";"    54.8";"    44.6";"    2190"
"Vakantiebestemming: Nederland";"Organisatie: alleen accommodatie";"2018*";"    6761";"   11263";"    63.5";"    52.3";"    2714"
"Vakantiebestemming: Nederland";"Organisatie: alleen vervoer";"2017*";"       .";"       .";"       .";"       .";"       ."
"Vakantiebestemming: Nederland";"Organisatie: alleen vervoer";"2018*";"       .";"       .";"       .";"       .";"       ."
"Vakantiebestemming: Nederland";"Organisatie: op de bonnefooi";"2017*";"    3132";"    4440";"    27.4";"    23.0";"     765"
"Vakantiebestemming: Nederland";"Organisatie: op de bonnefooi";"2018*";"    2286";"    3144";"    19.1";"    16.0";"     578"
"Vakantiebestemming: Nederland";"Reisgezelschap: alleenreizende";"2017*";"     608";"    1001";"     5.3";"     4.3";"     173"
"Vakantiebestemming: Nederland";"Reisgezelschap: alleenreizende";"2018*";"     626";"    1276";"     6.9";"     5.7";"     265"
"Vakantiebestemming: Nederland";"Reisgezelschap: paar zonder kinderen";"2017*";"    3613";"    7451";"    51.2";"    43.7";"    1511"
"Vakantiebestemming: Nederland";"Reisgezelschap: paar zonder kinderen";"2018*";"    3339";"    6674";"    46.9";"    40.3";"    1558"
"Vakantiebestemming: Nederland";"Reisgezelschap: volwassene en kind(eren)";"2017*";"    3903";"    7132";"    44.3";"    37.1";"    1111"
"Vakantiebestemming: Nederland";"Reisgezelschap: volwassene en kind(eren)";"2018*";"    4004";"    7137";"    48.1";"    41.0";"    1225"
"Vakantiebestemming: Nederland";"Reisgezelschap: familie, anderen";"2017*";"    1649";"    2287";"    12.2";"     9.9";"     454"
"Vakantiebestemming: Nederland";"Reisgezelschap: familie, anderen";"2018*";"    1701";"    2315";"    12.9";"    10.6";"     503"
"Vakantiebestemming: Nederland";"Reisgezelschap: vrienden, bekenden, e.a.";"2017*";"     941";"    1296";"     5.4";"     4.1";"     237"
"Vakantiebestemming: Nederland";"Reisgezelschap: vrienden, bekenden, e.a.";"2018*";"    1012";"    1336";"     5.8";"     4.4";"     351"
"Vakantiebestemming: Nederland";"Soort vakantie: eigen recreatieve accom.";"2017*";"    1177";"    3943";"    33.1";"    29.1";"     369"
"Vakantiebestemming: Nederland";"Soort vakantie: eigen recreatieve accom.";"2018*";"    1181";"    3715";"    34.9";"    31.1";"     396"
"Vakantiebestemming: Nederland";"Soort vakantie: actief";"2017*";"    2396";"    3332";"    22.3";"    18.9";"     786"
"Vakantiebestemming: Nederland";"Soort vakantie: actief";"2018*";"    2128";"    2917";"    18.8";"    15.9";"     762"
"Vakantiebestemming: Nederland";"Soort vakantie: strand";"2017*";"     904";"    1047";"     7.8";"     6.7";"     252"
"Vakantiebestemming: Nederland";"Soort vakantie: strand";"2018*";"    1043";"    1191";"     8.2";"     7.0";"     325"
"Vakantiebestemming: Nederland";"Soort vakantie: steden";"2017*";"    1086";"    1346";"     5.0";"     3.6";"     259"
"Vakantiebestemming: Nederland";"Soort vakantie: steden";"2018*";"     997";"    1196";"     4.6";"     3.4";"     271"
"Vakantiebestemming: Nederland";"Soort vakantie: natuur";"2017*";"    1029";"    1267";"     9.5";"     8.2";"     307"
"Vakantiebestemming: Nederland";"Soort vakantie: natuur";"2018*";"    1039";"    1282";"     9.7";"     8.4";"     340"
"Vakantiebestemming: Nederland";"Soort vakantie: cultuur";"2017*";"     741";"     883";"     3.5";"     2.6";"     188"
"Vakantiebestemming: Nederland";"Soort vakantie: cultuur";"2018*";"     831";"    1015";"     3.8";"     2.8";"     242"
"Vakantiebestemming: Nederland";"Soort vakantie: recreatie";"2017*";"     991";"    1144";"     4.5";"     3.3";"     232"
"Vakantiebestemming: Nederland";"Soort vakantie: recreatie";"2018*";"     819";"     910";"     3.6";"     2.7";"     201"
"Vakantiebestemming: Nederland";"Soort vakantie: rondreis";"2017*";"       .";"       .";"       .";"       .";"       ."
"Vakantiebestemming: Nederland";"Soort vakantie: rondreis";"2018*";"       .";"       .";"       .";"       .";"       ."
"Vakantiebestemming: Nederland";"Soort vakantie: familie, vrienden, e.d.";"2017*";"    2838";"    3646";"    17.4";"    13.8";"     564"
"Vakantiebestemming: Nederland";"Soort vakantie: familie, vrienden, e.d.";"2018*";"    2052";"    2730";"    12.1";"     9.4";"     448"
"Vakantiebestemming: Nederland";"Soort vakantie: overig, onbekend";"2017*";"    1978";"    2471";"    14.7";"    12.2";"     488"
"Vakantiebestemming: Nederland";"Soort vakantie: overig, onbekend";"2018*";"    2853";"    3701";"    24.0";"    20.3";"     893"
"Vakantiebestemming: Nederland";"Vakantieduur: 2 tot 5 dagen (kort)";"2017*";"    5734";"   10913";"    32.8";"    21.9";"    1369"
"Vakantiebestemming: Nederland";"Vakantieduur: 2 tot 5 dagen (kort)";"2018*";"    5596";"   10336";"    31.1";"    20.8";"    1584"
"Vakantiebestemming: Nederland";"Vakantieduur: 5 of meer dagen (lang)";"2017*";"    5401";"    8255";"    85.5";"    77.3";"    2117"
"Vakantiebestemming: Nederland";"Vakantieduur: 5 of meer dagen (lang)";"2018*";"    5423";"    8401";"    89.5";"    81.1";"    2318"
"Vakantiebestemming: Nederland";"Vakantieduur: 5 tot 9 dagen";"2017*";"    4113";"    5657";"    36.0";"    30.3";"    1226"
"Vakantiebestemming: Nederland";"Vakantieduur: 5 tot 9 dagen";"2018*";"    4223";"    5730";"    36.8";"    31.1";"    1368"
"Vakantiebestemming: Nederland";"Vakantieduur: 9 tot 16 dagen";"2017*";"    1376";"    1608";"    19.2";"    17.6";"     484"
"Vakantiebestemming: Nederland";"Vakantieduur: 9 tot 16 dagen";"2018*";"    1316";"    1598";"    19.2";"    17.6";"     499"
"Vakantiebestemming: Nederland";"Vakantieduur: 16 of meer dagen";"2017*";"     870";"     990";"    30.3";"    29.4";"     407"
"Vakantiebestemming: Nederland";"Vakantieduur: 16 of meer dagen";"2018*";"     930";"    1073";"    33.6";"    32.5";"     451"
"Vakantiebestemming: Nederland";"Vervoerwijze: auto";"2017*";"    8093";"   16865";"   105.2";"    88.4";"    3054"
"Vakantiebestemming: Nederland";"Vervoerwijze: auto";"2018*";"    8101";"   16518";"   108.1";"    91.6";"    3417"
"Vakantiebestemming: Nederland";"Vervoerwijze: vliegtuig";"2017*";"       .";"       .";"       .";"       .";"       ."
"Vakantiebestemming: Nederland";"Vervoerwijze: vliegtuig";"2018*";"       .";"       .";"       .";"       .";"       ."
"Vakantiebestemming: Nederland";"Vervoerwijze: trein";"2017*";"     767";"    1112";"     5.0";"     3.9";"     215"
"Vakantiebestemming: Nederland";"Vervoerwijze: trein";"2018*";"     761";"    1059";"     4.5";"     3.4";"     245"
"Vakantiebestemming: Nederland";"Vervoerwijze: overige ";"2017*";"     791";"    1175";"     8.0";"     6.8";"     206"
"Vakantiebestemming: Nederland";"Vervoerwijze: overige ";"2018*";"     739";"    1136";"     7.8";"     6.7";"     228"
"Vakantiebestemming: buitenland";"Totaal vakanties";"2017*";"   10991";"   22084";"   246.5";"   224.5";"   17151"
"Vakantiebestemming: buitenland";"Totaal vakanties";"2018*";"   10942";"   22116";"   246.2";"   224.1";"   17437"
"Vakantiebestemming: buitenland";"Accommodatie: hotel, pension, B&B";"2017*";"    5936";"    9488";"    84.3";"    74.9";"    8852"
"Vakantiebestemming: buitenland";"Accommodatie: hotel, pension, B&B";"2018*";"    6059";"    9628";"    86.7";"    77.1";"    9095"
"Vakantiebestemming: buitenland";"Accommodatie: vakantiehuis, stacaravan";"2017*";"    2733";"    3705";"    44.1";"    40.4";"    2139"
"Vakantiebestemming: buitenland";"Accommodatie: vakantiehuis, stacaravan";"2018*";"    2889";"    3814";"    44.6";"    40.7";"    2191"
"Vakantiebestemming: buitenland";"Accommodatie: appartement";"2017*";"    1794";"    2182";"    23.5";"    21.3";"    1687"
"Vakantiebestemming: buitenland";"Accommodatie: appartement";"2018*";"    1836";"    2138";"    23.1";"    21.0";"    1754"
"Vakantiebestemming: buitenland";"Accommodatie: kampeerverblijf";"2017*";"    1925";"    2458";"    44.7";"    42.2";"    1684"
"Vakantiebestemming: buitenland";"Accommodatie: kampeerverblijf";"2018*";"    1893";"    2344";"    44.3";"    41.9";"    1597"
"Vakantiebestemming: buitenland";"Accommodatie: particulier (alle)";"2017*";"    2793";"    3725";"    44.5";"    40.8";"    2173"
"Vakantiebestemming: buitenland";"Accommodatie: particulier (alle)";"2018*";"    2767";"    3689";"    41.7";"    38.0";"    2152"
"Vakantiebestemming: buitenland";"Accommodatie: overig, onbekend";"2017*";"     467";"     526";"     5.4";"     4.9";"     615"
"Vakantiebestemming: buitenland";"Accommodatie: overig, onbekend";"2018*";"     431";"     504";"     5.8";"     5.3";"     647"
"Vakantiebestemming: buitenland";"Organisatie: eigen recreatieve accom.";"2017*";"     597";"    1290";"    19.4";"    18.1";"     526"
"Vakantiebestemming: buitenland";"Organisatie: eigen recreatieve accom.";"2018*";"     632";"    1202";"    17.9";"    16.7";"     528"
"Vakantiebestemming: buitenland";"Organisatie: accommodatie en vervoer";"2017*";"    5805";"    8985";"    93.3";"    84.3";"    9837"
"Vakantiebestemming: buitenland";"Organisatie: accommodatie en vervoer";"2018*";"    6065";"    9350";"    98.8";"    89.4";"   10407"
"Vakantiebestemming: buitenland";"Organisatie: pakketreis";"2017*";"    3762";"    4787";"    52.2";"    47.4";"    5671"
"Vakantiebestemming: buitenland";"Organisatie: pakketreis";"2018*";"    3840";"    4996";"    53.0";"    48.0";"    5932"
"Vakantiebestemming: buitenland";"Organisatie: samengestelde reis";"2017*";"    2892";"    4197";"    41.1";"    36.9";"    4166"
"Vakantiebestemming: buitenland";"Organisatie: samengestelde reis";"2018*";"    3066";"    4354";"    45.7";"    41.4";"    4475"
"Vakantiebestemming: buitenland";"Organisatie: alleen accommodatie";"2017*";"    5162";"    7130";"    69.3";"    62.2";"    3708"
"Vakantiebestemming: buitenland";"Organisatie: alleen accommodatie";"2018*";"    5431";"    7607";"    74.7";"    67.1";"    3996"
"Vakantiebestemming: buitenland";"Organisatie: alleen vervoer";"2017*";"    1574";"    1979";"    29.6";"    27.6";"    1789"
"Vakantiebestemming: buitenland";"Organisatie: alleen vervoer";"2018*";"    1389";"    1725";"    24.5";"    22.7";"    1535"
"Vakantiebestemming: buitenland";"Organisatie: op de bonnefooi";"2017*";"    2120";"    2700";"    35.0";"    32.3";"    1291"
"Vakantiebestemming: buitenland";"Organisatie: op de bonnefooi";"2018*";"    1806";"    2232";"    30.4";"    28.2";"     972"
"Vakantiebestemming: buitenland";"Reisgezelschap: alleenreizende";"2017*";"     877";"    1296";"    15.0";"    13.7";"    1287"
"Vakantiebestemming: buitenland";"Reisgezelschap: alleenreizende";"2018*";"    1055";"    1598";"    18.3";"    16.7";"    1727"
"Vakantiebestemming: buitenland";"Reisgezelschap: paar zonder kinderen";"2017*";"    4342";"    7924";"    98.3";"    90.4";"    7304"
"Vakantiebestemming: buitenland";"Reisgezelschap: paar zonder kinderen";"2018*";"    4136";"    7224";"    90.2";"    83.0";"    6574"
"Vakantiebestemming: buitenland";"Reisgezelschap: volwassene en kind(eren)";"2017*";"    4487";"    7108";"    82.1";"    75.0";"    4148"
"Vakantiebestemming: buitenland";"Reisgezelschap: volwassene en kind(eren)";"2018*";"    4420";"    7256";"    83.9";"    76.7";"    4434"
"Vakantiebestemming: buitenland";"Reisgezelschap: familie, anderen";"2017*";"    2531";"    3369";"    32.6";"    29.2";"    2622"
"Vakantiebestemming: buitenland";"Reisgezelschap: familie, anderen";"2018*";"    2627";"    3469";"    33.2";"    29.7";"    2589"
"Vakantiebestemming: buitenland";"Reisgezelschap: vrienden, bekenden, e.a.";"2017*";"    1736";"    2388";"    18.6";"    16.2";"    1791"
"Vakantiebestemming: buitenland";"Reisgezelschap: vrienden, bekenden, e.a.";"2018*";"    1814";"    2569";"    20.6";"    18.0";"    2112"
"Vakantiebestemming: buitenland";"Soort vakantie: eigen recreatieve accom.";"2017*";"     597";"    1290";"    19.4";"    18.1";"     526"
"Vakantiebestemming: buitenland";"Soort vakantie: eigen recreatieve accom.";"2018*";"     632";"    1202";"    17.9";"    16.7";"     528"
"Vakantiebestemming: buitenland";"Soort vakantie: actief";"2017*";"    2934";"    3802";"    40.2";"    36.4";"    2670"
"Vakantiebestemming: buitenland";"Soort vakantie: actief";"2018*";"    2732";"    3570";"    38.7";"    35.1";"    2513"
"Vakantiebestemming: buitenland";"Soort vakantie: strand";"2017*";"    3197";"    3793";"    50.0";"    46.2";"    3496"
"Vakantiebestemming: buitenland";"Soort vakantie: strand";"2018*";"    3110";"    3733";"    49.2";"    45.5";"    3572"
"Vakantiebestemming: buitenland";"Soort vakantie: steden";"2017*";"    2721";"    3766";"    22.5";"    18.7";"    2188"
"Vakantiebestemming: buitenland";"Soort vakantie: steden";"2018*";"    2740";"    3780";"    23.0";"    19.3";"    2248"
"Vakantiebestemming: buitenland";"Soort vakantie: natuur";"2017*";"    1148";"    1310";"    18.2";"    16.9";"    1180"
"Vakantiebestemming: buitenland";"Soort vakantie: natuur";"2018*";"    1052";"    1197";"    15.7";"    14.5";"    1015"
"Vakantiebestemming: buitenland";"Soort vakantie: cultuur";"2017*";"    1253";"    1450";"    13.4";"    11.9";"    1082"
"Vakantiebestemming: buitenland";"Soort vakantie: cultuur";"2018*";"    1245";"    1455";"    12.8";"    11.3";"    1006"
"Vakantiebestemming: buitenland";"Soort vakantie: recreatie";"2017*";"     540";"     599";"     3.6";"     3.0";"     275"
"Vakantiebestemming: buitenland";"Soort vakantie: recreatie";"2018*";"     584";"     686";"     5.4";"     4.7";"     381"
"Vakantiebestemming: buitenland";"Soort vakantie: rondreis";"2017*";"    1418";"    1591";"    29.5";"    27.9";"    2963"
"Vakantiebestemming: buitenland";"Soort vakantie: rondreis";"2018*";"    1554";"    1720";"    31.7";"    30.0";"    3107"
"Vakantiebestemming: buitenland";"Soort vakantie: familie, vrienden, e.d.";"2017*";"    2205";"    2717";"    29.7";"    27.0";"    1464"
"Vakantiebestemming: buitenland";"Soort vakantie: familie, vrienden, e.d.";"2018*";"    1845";"    2277";"    23.5";"    21.2";"    1259"
"Vakantiebestemming: buitenland";"Soort vakantie: overig, onbekend";"2017*";"    1600";"    1766";"    20.0";"    18.3";"    1307"
"Vakantiebestemming: buitenland";"Soort vakantie: overig, onbekend";"2018*";"    2134";"    2495";"    28.3";"    25.9";"    1809"
"Vakantiebestemming: buitenland";"Vakantieduur: 2 tot 5 dagen (kort)";"2017*";"    3177";"    4586";"    15.3";"    10.7";"    1443"
"Vakantiebestemming: buitenland";"Vakantieduur: 2 tot 5 dagen (kort)";"2018*";"    3225";"    4503";"    15.0";"    10.5";"    1455"
"Vakantiebestemming: buitenland";"Vakantieduur: 5 of meer dagen (lang)";"2017*";"   10302";"   17498";"   231.3";"   213.8";"   15707"
"Vakantiebestemming: buitenland";"Vakantieduur: 5 of meer dagen (lang)";"2018*";"   10293";"   17614";"   231.2";"   213.6";"   15981"
"Vakantiebestemming: buitenland";"Vakantieduur: 5 tot 9 dagen";"2017*";"    5033";"    6894";"    46.7";"    39.8";"    3814"
"Vakantiebestemming: buitenland";"Vakantieduur: 5 tot 9 dagen";"2018*";"    5155";"    6927";"    46.8";"    39.9";"    3923"
"Vakantiebestemming: buitenland";"Vakantieduur: 9 tot 16 dagen";"2017*";"    4918";"    5897";"    70.2";"    64.3";"    5358"
"Vakantiebestemming: buitenland";"Vakantieduur: 9 tot 16 dagen";"2018*";"    4964";"    6027";"    71.1";"    65.1";"    5426"
"Vakantiebestemming: buitenland";"Vakantieduur: 16 of meer dagen";"2017*";"    4133";"    4707";"   114.4";"   109.7";"    6535"
"Vakantiebestemming: buitenland";"Vakantieduur: 16 of meer dagen";"2018*";"    4046";"    4659";"   113.3";"   108.7";"    6632"
"Vakantiebestemming: buitenland";"Vervoerwijze: auto";"2017*";"    6393";"   10055";"   103.6";"    93.6";"    4741"
"Vakantiebestemming: buitenland";"Vervoerwijze: auto";"2018*";"    6435";"    9873";"   101.1";"    91.3";"    4669"
"Vakantiebestemming: buitenland";"Vervoerwijze: vliegtuig";"2017*";"    6351";"   10098";"   125.4";"   115.3";"   11192"
"Vakantiebestemming: buitenland";"Vervoerwijze: vliegtuig";"2018*";"    6490";"   10297";"   127.2";"   116.9";"   11443"
"Vakantiebestemming: buitenland";"Vervoerwijze: trein";"2017*";"     533";"     630";"     3.9";"     3.2";"     344"
"Vakantiebestemming: buitenland";"Vervoerwijze: trein";"2018*";"     544";"     646";"     4.5";"     3.9";"     387"
"Vakantiebestemming: buitenland";"Vervoerwijze: overige ";"2017*";"    1051";"    1301";"    13.7";"    12.4";"     874"
"Vakantiebestemming: buitenland";"Vervoerwijze: overige ";"2018*";"    1006";"    1300";"    13.3";"    12.0";"     938"
"Zomerseizoen";"Totaal vakanties";"2017*";"   12819";"   23550";"   237.2";"   213.7";"   12557"
"Zomerseizoen";"Totaal vakanties";"2018*";"   12946";"   23960";"   243.6";"   219.6";"   13311"
"Zomerseizoen";"Accommodatie: hotel, pension, B&B";"2017*";"    5200";"    7324";"    57.5";"    50.2";"    5558"
"Zomerseizoen";"Accommodatie: hotel, pension, B&B";"2018*";"    5594";"    7720";"    62.0";"    54.2";"    6090"
"Zomerseizoen";"Accommodatie: vakantiehuis, stacaravan";"2017*";"    4479";"    6476";"    61.5";"    55.0";"    2260"
"Zomerseizoen";"Accommodatie: vakantiehuis, stacaravan";"2018*";"    4607";"    6595";"    65.5";"    58.9";"    2487"
"Zomerseizoen";"Accommodatie: appartement";"2017*";"    1203";"    1332";"    15.1";"    13.7";"    1021"
"Zomerseizoen";"Accommodatie: appartement";"2018*";"    1218";"    1313";"    14.0";"    12.7";"     990"
"Zomerseizoen";"Accommodatie: kampeerverblijf";"2017*";"    2954";"    4556";"    62.2";"    57.6";"    1886"
"Zomerseizoen";"Accommodatie: kampeerverblijf";"2018*";"    2965";"    4439";"    62.8";"    58.4";"    1824"
"Zomerseizoen";"Accommodatie: particulier (alle)";"2017*";"    2521";"    3025";"    33.4";"    30.4";"    1447"
"Zomerseizoen";"Accommodatie: particulier (alle)";"2018*";"    2604";"    3069";"    32.7";"    29.6";"    1534"
"Zomerseizoen";"Accommodatie: overig, onbekend";"2017*";"     624";"     837";"     7.5";"     6.7";"     386"
"Zomerseizoen";"Accommodatie: overig, onbekend";"2018*";"     577";"     824";"     6.5";"     5.7";"     386"
"Zomerseizoen";"Organisatie: eigen recreatieve accom.";"2017*";"    1330";"    3125";"    34.1";"    30.9";"     587"
"Zomerseizoen";"Organisatie: eigen recreatieve accom.";"2018*";"    1382";"    2939";"    35.0";"    32.1";"     603"
"Zomerseizoen";"Organisatie: accommodatie en vervoer";"2017*";"    4209";"    5154";"    56.0";"    50.8";"    5682"
"Zomerseizoen";"Organisatie: accommodatie en vervoer";"2018*";"    4617";"    5711";"    61.9";"    56.2";"    6322"
"Zomerseizoen";"Organisatie: pakketreis";"2017*";"    2567";"    2853";"    32.1";"    29.3";"    3341"
"Zomerseizoen";"Organisatie: pakketreis";"2018*";"    2763";"    3115";"    33.5";"    30.4";"    3711"
"Zomerseizoen";"Organisatie: samengestelde reis";"2017*";"    1904";"    2300";"    23.9";"    21.6";"    2341"
"Zomerseizoen";"Organisatie: samengestelde reis";"2018*";"    2199";"    2596";"    28.3";"    25.7";"    2611"
"Zomerseizoen";"Organisatie: alleen accommodatie";"2017*";"    7036";"   10022";"    87.8";"    77.8";"    3878"
"Zomerseizoen";"Organisatie: alleen accommodatie";"2018*";"    7669";"   11117";"    97.4";"    86.2";"    4398"
"Zomerseizoen";"Organisatie: alleen vervoer";"2017*";"    1032";"    1132";"    16.8";"    15.6";"     993"
"Zomerseizoen";"Organisatie: alleen vervoer";"2018*";"     932";"    1040";"    14.7";"    13.6";"     895"
"Zomerseizoen";"Organisatie: op de bonnefooi";"2017*";"    3229";"    4118";"    42.6";"    38.5";"    1417"
"Zomerseizoen";"Organisatie: op de bonnefooi";"2018*";"    2552";"    3152";"    34.6";"    31.5";"    1093"
"Zomerseizoen";"Reisgezelschap: alleenreizende";"2017*";"     801";"    1123";"    10.0";"     8.9";"     731"
"Zomerseizoen";"Reisgezelschap: alleenreizende";"2018*";"     999";"    1478";"    13.2";"    11.8";"    1002"
"Zomerseizoen";"Reisgezelschap: paar zonder kinderen";"2017*";"    5119";"    8852";"    96.1";"    87.2";"    5282"
"Zomerseizoen";"Reisgezelschap: paar zonder kinderen";"2018*";"    4856";"    8152";"    90.3";"    82.1";"    5063"
"Zomerseizoen";"Reisgezelschap: volwassene en kind(eren)";"2017*";"    5504";"    8539";"    89.6";"    81.1";"    3608"
"Zomerseizoen";"Reisgezelschap: volwassene en kind(eren)";"2018*";"    5645";"    8874";"    94.6";"    85.7";"    3926"
"Zomerseizoen";"Reisgezelschap: familie, anderen";"2017*";"    2384";"    3055";"    27.1";"    24.1";"    1740"
"Zomerseizoen";"Reisgezelschap: familie, anderen";"2018*";"    2599";"    3302";"    29.8";"    26.5";"    1927"
"Zomerseizoen";"Reisgezelschap: vrienden, bekenden, e.a.";"2017*";"    1554";"    1980";"    14.4";"    12.4";"    1196"
"Zomerseizoen";"Reisgezelschap: vrienden, bekenden, e.a.";"2018*";"    1679";"    2155";"    15.7";"    13.5";"    1392"
"Zomerseizoen";"Soort vakantie: eigen recreatieve accom.";"2017*";"    1330";"    3125";"    34.1";"    30.9";"     587"
"Zomerseizoen";"Soort vakantie: eigen recreatieve accom.";"2018*";"    1382";"    2939";"    35.0";"    32.1";"     603"
"Zomerseizoen";"Soort vakantie: actief";"2017*";"    3089";"    3991";"    39.5";"    35.5";"    1907"
"Zomerseizoen";"Soort vakantie: actief";"2018*";"    2842";"    3625";"    36.3";"    32.7";"    1781"
"Zomerseizoen";"Soort vakantie: strand";"2017*";"    3135";"    3528";"    44.1";"    40.6";"    2687"
"Zomerseizoen";"Soort vakantie: strand";"2018*";"    3204";"    3674";"    44.0";"    40.3";"    2853"
"Zomerseizoen";"Soort vakantie: steden";"2017*";"    1899";"    2338";"    14.0";"    11.7";"    1251"
"Zomerseizoen";"Soort vakantie: steden";"2018*";"    1931";"    2285";"    14.6";"    12.3";"    1291"
"Zomerseizoen";"Soort vakantie: natuur";"2017*";"    1455";"    1679";"    20.3";"    18.6";"     994"
"Zomerseizoen";"Soort vakantie: natuur";"2018*";"    1476";"    1733";"    19.4";"    17.6";"     964"
"Zomerseizoen";"Soort vakantie: cultuur";"2017*";"    1166";"    1315";"    11.4";"    10.0";"     801"
"Zomerseizoen";"Soort vakantie: cultuur";"2018*";"    1208";"    1396";"    11.0";"     9.6";"     807"
"Zomerseizoen";"Soort vakantie: recreatie";"2017*";"     765";"     843";"     4.5";"     3.6";"     231"
"Zomerseizoen";"Soort vakantie: recreatie";"2018*";"     672";"     732";"     4.1";"     3.4";"     255"
"Zomerseizoen";"Soort vakantie: rondreis";"2017*";"    1058";"    1110";"    20.0";"    18.9";"    1890"
"Zomerseizoen";"Soort vakantie: rondreis";"2018*";"    1276";"    1323";"    23.4";"    22.1";"    2167"
"Zomerseizoen";"Soort vakantie: familie, vrienden, e.d.";"2017*";"    2668";"    3229";"    27.1";"    23.9";"    1101"
"Zomerseizoen";"Soort vakantie: familie, vrienden, e.d.";"2018*";"    2095";"    2424";"    19.5";"    17.0";"     867"
"Zomerseizoen";"Soort vakantie: overig, onbekend";"2017*";"    2100";"    2392";"    22.4";"    20.0";"    1107"
"Zomerseizoen";"Soort vakantie: overig, onbekend";"2018*";"    3209";"    3829";"    36.2";"    32.4";"    1723"
"Zomerseizoen";"Vakantieduur: 2 tot 5 dagen (kort)";"2017*";"    4569";"    7325";"    22.9";"    15.6";"    1324"
"Zomerseizoen";"Vakantieduur: 2 tot 5 dagen (kort)";"2018*";"    4556";"    7077";"    22.0";"    15.0";"    1402"
"Zomerseizoen";"Vakantieduur: 5 of meer dagen (lang)";"2017*";"   11582";"   16225";"   214.3";"   198.1";"   11233"
"Zomerseizoen";"Vakantieduur: 5 of meer dagen (lang)";"2018*";"   11683";"   16883";"   221.5";"   204.7";"   11908"
"Zomerseizoen";"Vakantieduur: 5 tot 9 dagen";"2017*";"    5305";"    6701";"    44.3";"    37.6";"    2577"
"Zomerseizoen";"Vakantieduur: 5 tot 9 dagen";"2018*";"    5723";"    7137";"    47.7";"    40.5";"    2979"
"Zomerseizoen";"Vakantieduur: 9 tot 16 dagen";"2017*";"    4595";"    5119";"    63.0";"    57.9";"    3883"
"Zomerseizoen";"Vakantieduur: 9 tot 16 dagen";"2018*";"    4749";"    5308";"    64.5";"    59.1";"    4051"
"Zomerseizoen";"Vakantieduur: 16 of meer dagen";"2017*";"    4132";"    4404";"   107.0";"   102.6";"    4773"
"Zomerseizoen";"Vakantieduur: 16 of meer dagen";"2018*";"    4166";"    4438";"   109.4";"   105.0";"    4878"
"Zomerseizoen";"Vervoerwijze: auto";"2017*";"    9280";"   15531";"   143.9";"   128.3";"    5106"
"Zomerseizoen";"Vervoerwijze: auto";"2018*";"    9431";"   15553";"   147.0";"   131.5";"    5368"
"Zomerseizoen";"Vervoerwijze: vliegtuig";"2017*";"    4541";"    5548";"    72.4";"    66.9";"    6321"
"Zomerseizoen";"Vervoerwijze: vliegtuig";"2018*";"    4812";"    5942";"    75.9";"    70.0";"    6738"
"Zomerseizoen";"Vervoerwijze: trein";"2017*";"     713";"     899";"     5.3";"     4.4";"     340"
"Zomerseizoen";"Vervoerwijze: trein";"2018*";"     706";"     880";"     5.4";"     4.5";"     362"
"Zomerseizoen";"Vervoerwijze: overige ";"2017*";"    1168";"    1572";"    15.6";"    14.0";"     789"
"Zomerseizoen";"Vervoerwijze: overige ";"2018*";"    1143";"    1586";"    15.2";"    13.7";"     842"
"Winterseizoen";"Totaal vakanties";"2017*";"    9534";"   17703";"   127.7";"   110.0";"    8080"
"Winterseizoen";"Totaal vakanties";"2018*";"    9233";"   16894";"   123.3";"   106.5";"    8028"
"Winterseizoen";"Accommodatie: hotel, pension, B&B";"2017*";"    4950";"    7241";"    43.8";"    36.6";"    4342"
"Winterseizoen";"Accommodatie: hotel, pension, B&B";"2018*";"    4670";"    6797";"    42.2";"    35.4";"    4211"
"Winterseizoen";"Accommodatie: vakantiehuis, stacaravan";"2017*";"    3551";"    5264";"    37.3";"    32.0";"    1295"
"Winterseizoen";"Accommodatie: vakantiehuis, stacaravan";"2018*";"    3511";"    5101";"    34.0";"    28.9";"    1267"
"Winterseizoen";"Accommodatie: appartement";"2017*";"     988";"    1120";"     9.9";"     8.8";"     740"
"Winterseizoen";"Accommodatie: appartement";"2018*";"    1005";"    1115";"    10.9";"     9.8";"     865"
"Winterseizoen";"Accommodatie: kampeerverblijf";"2017*";"     517";"     802";"     9.9";"     9.1";"     286"
"Winterseizoen";"Accommodatie: kampeerverblijf";"2018*";"     530";"     787";"    11.9";"    11.1";"     319"
"Winterseizoen";"Accommodatie: particulier (alle)";"2017*";"    2160";"    2701";"    22.8";"    20.1";"    1050"
"Winterseizoen";"Accommodatie: particulier (alle)";"2018*";"    2054";"    2608";"    20.6";"    18.0";"     983"
"Winterseizoen";"Accommodatie: overig, onbekend";"2017*";"     460";"     574";"     3.9";"     3.3";"     366"
"Winterseizoen";"Accommodatie: overig, onbekend";"2018*";"     397";"     486";"     3.8";"     3.3";"     382"
"Winterseizoen";"Organisatie: eigen recreatieve accom.";"2017*";"     987";"    2107";"    18.4";"    16.3";"     308"
"Winterseizoen";"Organisatie: eigen recreatieve accom.";"2018*";"     947";"    1977";"    17.8";"    15.8";"     321"
"Winterseizoen";"Organisatie: accommodatie en vervoer";"2017*";"    3283";"    4283";"    39.7";"    35.4";"    4292"
"Winterseizoen";"Organisatie: accommodatie en vervoer";"2018*";"    3189";"    4111";"    39.2";"    35.1";"    4259"
"Winterseizoen";"Organisatie: pakketreis";"2017*";"    1801";"    2089";"    20.9";"    18.9";"    2393"
"Winterseizoen";"Organisatie: pakketreis";"2018*";"    1724";"    2008";"    20.0";"    18.0";"    2273"
"Winterseizoen";"Organisatie: samengestelde reis";"2017*";"    1764";"    2194";"    18.8";"    16.6";"    1899"
"Winterseizoen";"Organisatie: samengestelde reis";"2018*";"    1715";"    2103";"    19.2";"    17.1";"    1985"
"Winterseizoen";"Organisatie: alleen accommodatie";"2017*";"    5193";"    7326";"    36.3";"    28.9";"    2020"
"Winterseizoen";"Organisatie: alleen accommodatie";"2018*";"    5439";"    7754";"    40.8";"    33.1";"    2311"
"Winterseizoen";"Organisatie: alleen vervoer";"2017*";"     832";"     963";"    13.5";"    12.5";"     821"
"Winterseizoen";"Organisatie: alleen vervoer";"2018*";"     722";"     829";"    10.7";"     9.9";"     680"
"Winterseizoen";"Organisatie: op de bonnefooi";"2017*";"    2363";"    3023";"    19.8";"    16.8";"     639"
"Winterseizoen";"Organisatie: op de bonnefooi";"2018*";"    1758";"    2223";"    14.9";"    12.6";"     457"
"Winterseizoen";"Reisgezelschap: alleenreizende";"2017*";"     823";"    1174";"    10.3";"     9.1";"     728"
"Winterseizoen";"Reisgezelschap: alleenreizende";"2018*";"     892";"    1396";"    12.0";"    10.6";"     990"
"Winterseizoen";"Reisgezelschap: paar zonder kinderen";"2017*";"    3813";"    6523";"    53.4";"    46.9";"    3532"
"Winterseizoen";"Reisgezelschap: paar zonder kinderen";"2018*";"    3509";"    5747";"    46.8";"    41.1";"    3068"
"Winterseizoen";"Reisgezelschap: volwassene en kind(eren)";"2017*";"    3735";"    5701";"    36.7";"    31.0";"    1650"
"Winterseizoen";"Reisgezelschap: volwassene en kind(eren)";"2018*";"    3597";"    5519";"    37.5";"    32.0";"    1733"
"Winterseizoen";"Reisgezelschap: familie, anderen";"2017*";"    2093";"    2601";"    17.6";"    15.0";"    1337"
"Winterseizoen";"Reisgezelschap: familie, anderen";"2018*";"    2007";"    2482";"    16.3";"    13.8";"    1165"
"Winterseizoen";"Reisgezelschap: vrienden, bekenden, e.a.";"2017*";"    1304";"    1704";"     9.7";"     8.0";"     832"
"Winterseizoen";"Reisgezelschap: vrienden, bekenden, e.a.";"2018*";"    1308";"    1750";"    10.7";"     8.9";"    1070"
"Winterseizoen";"Soort vakantie: eigen recreatieve accom.";"2017*";"     987";"    2107";"    18.4";"    16.3";"     308"
"Winterseizoen";"Soort vakantie: eigen recreatieve accom.";"2018*";"     947";"    1977";"    17.8";"    15.8";"     321"
"Winterseizoen";"Soort vakantie: actief";"2017*";"    2491";"    3143";"    23.0";"    19.8";"    1548"
"Winterseizoen";"Soort vakantie: actief";"2018*";"    2256";"    2862";"    21.2";"    18.3";"    1494"
"Winterseizoen";"Soort vakantie: strand";"2017*";"    1167";"    1313";"    13.7";"    12.3";"    1061"
"Winterseizoen";"Soort vakantie: strand";"2018*";"    1146";"    1250";"    13.4";"    12.1";"    1044"
"Winterseizoen";"Soort vakantie: steden";"2017*";"    2138";"    2774";"    13.5";"    10.7";"    1197"
"Winterseizoen";"Soort vakantie: steden";"2018*";"    2135";"    2690";"    13.0";"    10.3";"    1228"
"Winterseizoen";"Soort vakantie: natuur";"2017*";"     774";"     898";"     7.4";"     6.5";"     493"
"Winterseizoen";"Soort vakantie: natuur";"2018*";"     660";"     745";"     6.1";"     5.3";"     390"
"Winterseizoen";"Soort vakantie: cultuur";"2017*";"     884";"    1017";"     5.5";"     4.5";"     468"
"Winterseizoen";"Soort vakantie: cultuur";"2018*";"     934";"    1074";"     5.6";"     4.5";"     442"
"Winterseizoen";"Soort vakantie: recreatie";"2017*";"     794";"     899";"     3.6";"     2.7";"     276"
"Winterseizoen";"Soort vakantie: recreatie";"2018*";"     775";"     864";"     4.8";"     4.0";"     327"
"Winterseizoen";"Soort vakantie: rondreis";"2017*";"     550";"     573";"    10.3";"     9.7";"    1114"
"Winterseizoen";"Soort vakantie: rondreis";"2018*";"     457";"     480";"     9.2";"     8.7";"     963"
"Winterseizoen";"Soort vakantie: familie, vrienden, e.d.";"2017*";"    2610";"    3134";"    20.0";"    16.9";"     927"
"Winterseizoen";"Soort vakantie: familie, vrienden, e.d.";"2018*";"    2101";"    2584";"    16.1";"    13.6";"     840"
"Winterseizoen";"Soort vakantie: overig, onbekend";"2017*";"    1637";"    1845";"    12.3";"    10.4";"     688"
"Winterseizoen";"Soort vakantie: overig, onbekend";"2018*";"    1957";"    2368";"    16.1";"    13.8";"     979"
"Winterseizoen";"Vakantieduur: 2 tot 5 dagen (kort)";"2017*";"    5266";"    8174";"    25.2";"    17.0";"    1488"
"Winterseizoen";"Vakantieduur: 2 tot 5 dagen (kort)";"2018*";"    5153";"    7762";"    24.1";"    16.3";"    1637"
"Winterseizoen";"Vakantieduur: 5 of meer dagen (lang)";"2017*";"    6578";"    9529";"   102.5";"    93.0";"    6592"
"Winterseizoen";"Vakantieduur: 5 of meer dagen (lang)";"2018*";"    6375";"    9132";"    99.2";"    90.1";"    6391"
"Winterseizoen";"Vakantieduur: 5 tot 9 dagen";"2017*";"    4519";"    5850";"    38.3";"    32.5";"    2464"
"Winterseizoen";"Vakantieduur: 5 tot 9 dagen";"2018*";"    4289";"    5521";"    36.0";"    30.4";"    2312"
"Winterseizoen";"Vakantieduur: 9 tot 16 dagen";"2017*";"    2076";"    2386";"    26.4";"    24.0";"    1960"
"Winterseizoen";"Vakantieduur: 9 tot 16 dagen";"2018*";"    1996";"    2317";"    25.8";"    23.5";"    1873"
"Winterseizoen";"Vakantieduur: 16 of meer dagen";"2017*";"    1149";"    1293";"    37.7";"    36.4";"    2169"
"Winterseizoen";"Vakantieduur: 16 of meer dagen";"2018*";"    1155";"    1295";"    37.5";"    36.2";"    2205"
"Winterseizoen";"Vervoerwijze: auto";"2017*";"    6924";"   11389";"    65.0";"    53.6";"    2689"
"Winterseizoen";"Vervoerwijze: auto";"2018*";"    6665";"   10838";"    62.2";"    51.4";"    2718"
"Winterseizoen";"Vervoerwijze: vliegtuig";"2017*";"    3504";"    4566";"    53.0";"    48.5";"    4882"
"Winterseizoen";"Vervoerwijze: vliegtuig";"2018*";"    3303";"    4381";"    51.6";"    47.2";"    4716"
"Winterseizoen";"Vervoerwijze: trein";"2017*";"     665";"     844";"     3.5";"     2.7";"     218"
"Winterseizoen";"Vervoerwijze: trein";"2018*";"     648";"     825";"     3.6";"     2.8";"     270"
"Winterseizoen";"Vervoerwijze: overige ";"2017*";"     718";"     905";"     6.1";"     5.2";"     291"
"Winterseizoen";"Vervoerwijze: overige ";"2018*";"     656";"     851";"     5.9";"     5.0";"     324"
