"ID";"Vakantiekenmerken";"Perioden";"TotaalNaarOrganisatievormEnVervoer_1";"GeorganiseerdeReisPerAuto_2";"GeorganiseerdeReisPerTouringcar_3";"GeorganiseerdeReisPerVliegtuig_4";"GeorganiseerdeReisMetOverigVervoer_5";"NietGeorganiseerdeReizen_6"
"0";" 10";"2002JJ00";"    3585";"     830";"     189";"     360";"     451";"    1755"
"1";" 10";"2003JJ00";"    3456";"     923";"     241";"     348";"     404";"    1539"
"2";" 10";"2004JJ00";"    3563";"    1001";"     201";"     448";"     339";"    1574"
"3";" 10";"2005JJ00";"    3291";"     998";"     255";"     374";"     294";"    1369"
"4";" 10";"2006JJ00";"    3229";"     838";"     208";"     456";"     336";"    1392"
"5";" 10";"2007JJ00";"    3662";"     995";"     203";"     497";"     393";"    1573"
"6";" 10";"2008JJ00";"    3363";"    1044";"     144";"     456";"     343";"    1377"
"7";" 10";"2009JJ00";"    3816";"    1202";"     201";"     511";"     376";"    1526"
"8";" 10";"2010JJ00";"    3624";"    1232";"     150";"     570";"     322";"    1351"
"9";" 10";"2011JJ00";"    3701";"    1439";"     184";"     599";"     420";"    1059"
"10";" 10";"2012JJ00";"    3785";"    1461";"     180";"     713";"     394";"    1037"
"11";" 10";"2013JJ00";"    3646";"    1505";"     123";"     743";"     357";"     918"
"12";" 10";"2014JJ00";"    3511";"    1348";"     183";"     677";"     301";"    1001"
"13";" 10";"2015JJ00";"    3677";"    1506";"     152";"     730";"     351";"     938"
"14";" 10";"2016JJ00";"    3603";"    1506";"     135";"     801";"     305";"     856"
"15";"111";"2002JJ00";"    1209";"     344";"      24";"       0";"      86";"     755"
"16";"111";"2003JJ00";"    1239";"     411";"      24";"       0";"     102";"     702"
"17";"111";"2004JJ00";"    1185";"     433";"      21";"       0";"     109";"     622"
"18";"111";"2005JJ00";"    1057";"     441";"      35";"       0";"      70";"     512"
"19";"111";"2006JJ00";"    1031";"     310";"      30";"       0";"     107";"     584"
"20";"111";"2007JJ00";"    1172";"     411";"      28";"       0";"      87";"     646"
"21";"111";"2008JJ00";"    1002";"     391";"      39";"       0";"     123";"     449"
"22";"111";"2009JJ00";"    1101";"     426";"      24";"       0";"      90";"     562"
"23";"111";"2010JJ00";"    1166";"     498";"      19";"       0";"     111";"     538"
"24";"111";"2011JJ00";"    1108";"     530";"      30";"       .";"     137";"     411"
"25";"111";"2012JJ00";"    1036";"     521";"      15";"       0";"     126";"     374"
"26";"111";"2013JJ00";"     979";"     543";"      23";"       0";"      93";"     320"
"27";"111";"2014JJ00";"     779";"     424";"      15";"       0";"      89";"     250"
"28";"111";"2015JJ00";"     847";"     433";"      20";"       1";"      95";"     297"
"29";"111";"2016JJ00";"     729";"     449";"      19";"       0";"      48";"     213"
"30";"112";"2002JJ00";"      88";"      19";"       .";"       0";"      10";"      57"
"31";"112";"2003JJ00";"      73";"      18";"       .";"       0";"       5";"      51"
"32";"112";"2004JJ00";"     110";"      22";"       .";"       0";"       .";"      83"
"33";"112";"2005JJ00";"      99";"      39";"       .";"       0";"       .";"      51"
"34";"112";"2006JJ00";"      89";"      23";"       .";"       0";"       .";"      58"
"35";"112";"2007JJ00";"      54";"      19";"       0";"       0";"       2";"      34"
"36";"112";"2008JJ00";"      62";"      23";"       .";"       0";"       .";"      32"
"37";"112";"2009JJ00";"      60";"      31";"       .";"       0";"       0";"      25"
"38";"112";"2010JJ00";"      62";"      19";"       1";"       0";"       6";"      36"
"39";"112";"2011JJ00";"      45";"      27";"       .";"       .";"       2";"      17"
"40";"112";"2012JJ00";"      65";"       .";"       .";"       .";"       .";"       ."
"41";"112";"2013JJ00";"       .";"       .";"       .";"       .";"       .";"       ."
"42";"112";"2014JJ00";"       .";"       .";"       .";"       .";"       .";"       ."
"43";"112";"2015JJ00";"       .";"       .";"       .";"       .";"       .";"       ."
"44";"112";"2016JJ00";"       .";"       .";"       .";"       .";"       .";"       ."
"45";"113";"2002JJ00";"     674";"     250";"      86";"      39";"     115";"     183"
"46";"113";"2003JJ00";"     564";"     191";"      97";"      31";"      83";"     162"
"47";"113";"2004JJ00";"     605";"     212";"     103";"      28";"      71";"     191"
"48";"113";"2005JJ00";"     590";"     219";"      90";"      27";"      84";"     171"
"49";"113";"2006JJ00";"     532";"     206";"       .";"      21";"       .";"     164"
"50";"113";"2007JJ00";"     551";"     245";"      60";"       8";"     103";"     136"
"51";"113";"2008JJ00";"     532";"     255";"      38";"      10";"      79";"     150"
"52";"113";"2009JJ00";"     534";"     198";"      69";"      12";"      96";"     159"
"53";"113";"2010JJ00";"     535";"     237";"      47";"      31";"      65";"     156"
"54";"113";"2011JJ00";"     499";"     224";"      34";"      41";"      67";"     132"
"55";"113";"2012JJ00";"     532";"     256";"      57";"      48";"      48";"     123"
"56";"113";"2013JJ00";"     437";"     224";"      36";"      31";"      63";"      84"
"57";"113";"2014JJ00";"     502";"     189";"      61";"      10";"      54";"     187"
"58";"113";"2015JJ00";"     428";"     235";"      31";"      21";"      56";"      85"
"59";"113";"2016JJ00";"     396";"     193";"      23";"      24";"      68";"      88"
"60";"114";"2002JJ00";"      77";"       2";"       .";"      68";"       0";"       7"
"61";"114";"2003JJ00";"      48";"       0";"       .";"      36";"       2";"       9"
"62";"114";"2004JJ00";"     100";"       3";"       .";"      91";"       .";"       3"
"63";"114";"2005JJ00";"      74";"       0";"       .";"      67";"       .";"       2"
"64";"114";"2006JJ00";"      97";"       0";"       .";"      90";"       .";"       3"
"65";"114";"2007JJ00";"     109";"       0";"       0";"     106";"       0";"       2"
"66";"114";"2008JJ00";"     115";"       5";"       .";"     110";"       .";"       0"
"67";"114";"2009JJ00";"     100";"       0";"       .";"      97";"       0";"       3"
"68";"114";"2010JJ00";"      74";"       0";"       .";"      71";"       .";"       3"
"69";"114";"2011JJ00";"     125";"       .";"       .";"     123";"       .";"       2"
"70";"114";"2012JJ00";"     117";"       .";"       .";"       .";"       .";"       ."
"71";"114";"2013JJ00";"       .";"       .";"       .";"       .";"       .";"       ."
"72";"114";"2014JJ00";"       .";"       .";"       .";"       .";"       .";"       ."
"73";"114";"2015JJ00";"       .";"       .";"       .";"       .";"       .";"       ."
"74";"114";"2016JJ00";"       .";"       .";"       .";"       .";"       .";"       ."
"75";"115";"2002JJ00";"       3";"       0";"       .";"       3";"       0";"       0"
"76";"115";"2003JJ00";"       8";"       0";"       .";"       8";"       0";"       0"
"77";"115";"2004JJ00";"      12";"       0";"       .";"      12";"       .";"       0"
"78";"115";"2005JJ00";"      13";"       0";"       .";"      13";"       .";"       0"
"79";"115";"2006JJ00";"      12";"       0";"       .";"      12";"       .";"       0"
"80";"115";"2007JJ00";"       8";"       0";"       0";"       8";"       0";"       0"
"81";"115";"2008JJ00";"       9";"       0";"       .";"       9";"       .";"       0"
"82";"115";"2009JJ00";"       5";"       0";"       .";"       5";"       0";"       0"
"83";"115";"2010JJ00";"      12";"       0";"       .";"      12";"       .";"       0"
"84";"115";"2011JJ00";"       0";"       .";"       .";"       .";"       .";"       ."
"85";"115";"2012JJ00";"      24";"       .";"       .";"       .";"       .";"       ."
"86";"115";"2013JJ00";"       .";"       .";"       .";"       .";"       .";"       ."
"87";"115";"2014JJ00";"       .";"       .";"       .";"       .";"       .";"       ."
"88";"115";"2015JJ00";"       .";"       .";"       .";"       .";"       .";"       ."
"89";"115";"2016JJ00";"       .";"       .";"       .";"       .";"       .";"       ."
"90";"116";"2002JJ00";"      17";"       3";"       .";"       6";"       0";"       4"
"91";"116";"2003JJ00";"      32";"       6";"       .";"       7";"       2";"      12"
"92";"116";"2004JJ00";"      22";"       0";"       .";"      10";"       .";"      12"
"93";"116";"2005JJ00";"      29";"       5";"       .";"      11";"       .";"       7"
"94";"116";"2006JJ00";"      37";"       4";"       .";"      11";"       .";"      12"
"95";"116";"2007JJ00";"      23";"       3";"       0";"      10";"       4";"       6"
"96";"116";"2008JJ00";"      29";"       2";"       .";"      17";"       .";"       8"
"97";"116";"2009JJ00";"      21";"       5";"       .";"       5";"       0";"       9"
"98";"116";"2010JJ00";"      38";"      11";"       .";"      10";"       .";"      17"
"99";"116";"2011JJ00";"      23";"       .";"       1";"       9";"       .";"      13"
"100";"116";"2012JJ00";"      38";"       .";"       .";"       .";"       .";"       ."
"101";"116";"2013JJ00";"       .";"       .";"       .";"       .";"       .";"       ."
"102";"116";"2014JJ00";"       .";"       .";"       .";"       .";"       .";"       ."
"103";"116";"2015JJ00";"       .";"       .";"       .";"       .";"       .";"       ."
"104";"116";"2016JJ00";"       .";"       .";"       .";"       .";"       .";"       ."
"105";"117";"2002JJ00";"      36";"       0";"       .";"       6";"       0";"      30"
"106";"117";"2003JJ00";"      32";"       5";"       .";"      20";"       1";"       3"
"107";"117";"2004JJ00";"      36";"       0";"       .";"      26";"       .";"       9"
"108";"117";"2005JJ00";"      14";"       0";"       .";"       3";"       .";"      11"
"109";"117";"2006JJ00";"      19";"       0";"       .";"       8";"       .";"       7"
"110";"117";"2007JJ00";"      27";"       6";"       0";"      13";"       2";"       5"
"111";"117";"2008JJ00";"      26";"       9";"       .";"       3";"       .";"      14"
"112";"117";"2009JJ00";"      22";"       3";"       .";"      11";"       0";"       8"
"113";"117";"2010JJ00";"      34";"       7";"       3";"      11";"       .";"      14"
"114";"117";"2011JJ00";"      37";"       6";"       .";"      13";"       2";"      16"
"115";"117";"2012JJ00";"      25";"       .";"       .";"       .";"       .";"       ."
"116";"117";"2013JJ00";"       .";"       .";"       .";"       .";"       .";"       ."
"117";"117";"2014JJ00";"       .";"       .";"       .";"       .";"       .";"       ."
"118";"117";"2015JJ00";"       .";"       .";"       .";"       .";"       .";"       ."
"119";"117";"2016JJ00";"       .";"       .";"       .";"       .";"       .";"       ."
"120";"118";"2002JJ00";"     345";"       6";"       .";"     134";"     158";"      25"
"121";"118";"2003JJ00";"     371";"      14";"      25";"     155";"     142";"      35"
"122";"118";"2004JJ00";"     273";"       8";"       .";"     158";"       .";"      20"
"123";"118";"2005JJ00";"     240";"      18";"       .";"      98";"       .";"      31"
"124";"118";"2006JJ00";"     272";"       4";"       .";"     126";"       .";"      38"
"125";"118";"2007JJ00";"     322";"      20";"      28";"     168";"      83";"      24"
"126";"118";"2008JJ00";"     226";"       7";"       .";"      99";"       .";"      25"
"127";"118";"2009JJ00";"     272";"      11";"      22";"     155";"      58";"      26"
"128";"118";"2010JJ00";"     307";"       8";"      26";"     184";"      60";"      29"
"129";"118";"2011JJ00";"     313";"      13";"      38";"     133";"     114";"      15"
"130";"118";"2012JJ00";"     306";"       .";"       .";"       .";"       .";"       ."
"131";"118";"2013JJ00";"       .";"       .";"       .";"       .";"       .";"       ."
"132";"118";"2014JJ00";"       .";"       .";"       .";"       .";"       .";"       ."
"133";"118";"2015JJ00";"       .";"       .";"       .";"       .";"       .";"       ."
"134";"118";"2016JJ00";"       .";"       .";"       .";"       .";"       .";"       ."
"135";"119";"2002JJ00";"      14";"       1";"       .";"      10";"       0";"       3"
"136";"119";"2003JJ00";"      21";"       0";"       .";"      16";"       0";"       5"
"137";"119";"2004JJ00";"      12";"       0";"       .";"       7";"       .";"       4"
"138";"119";"2005JJ00";"       3";"       0";"       .";"       3";"       .";"       0"
"139";"119";"2006JJ00";"      25";"       0";"       .";"      20";"       .";"       5"
"140";"119";"2007JJ00";"      16";"       3";"       0";"      11";"       1";"       1"
"141";"119";"2008JJ00";"      23";"       0";"       .";"      19";"       .";"       4"
"142";"119";"2009JJ00";"      15";"       0";"       .";"      15";"       0";"       0"
"143";"119";"2010JJ00";"      38";"       2";"       .";"      36";"       .";"       0"
"144";"119";"2011JJ00";"      45";"       .";"       2";"      40";"       .";"       2"
"145";"119";"2012JJ00";"      46";"       .";"       .";"       .";"       .";"       ."
"146";"119";"2013JJ00";"       .";"       .";"       .";"       .";"       .";"       ."
"147";"119";"2014JJ00";"       .";"       .";"       .";"       .";"       .";"       ."
"148";"119";"2015JJ00";"       .";"       .";"       .";"       .";"       .";"       ."
"149";"119";"2016JJ00";"       .";"       .";"       .";"       .";"       .";"       ."
"150";"120";"2002JJ00";"      10";"       3";"       .";"       2";"       0";"       4"
"151";"120";"2003JJ00";"      23";"       2";"       .";"       2";"       0";"      16"
"152";"120";"2004JJ00";"      42";"       3";"       .";"      10";"       .";"      29"
"153";"120";"2005JJ00";"      27";"       6";"       .";"      10";"       .";"       7"
"154";"120";"2006JJ00";"      15";"       0";"       .";"       7";"       .";"       6"
"155";"120";"2007JJ00";"      24";"       0";"       0";"      15";"       0";"       9"
"156";"120";"2008JJ00";"      29";"       6";"       .";"      13";"       .";"       9"
"157";"120";"2009JJ00";"      17";"       4";"       .";"       4";"       2";"       3"
"158";"120";"2010JJ00";"      22";"       6";"       .";"       5";"       2";"       9"
"159";"120";"2011JJ00";"      32";"      12";"       1";"      17";"       .";"       2"
"160";"120";"2012JJ00";"      29";"       .";"       .";"       .";"       .";"       ."
"161";"120";"2013JJ00";"       .";"       .";"       .";"       .";"       .";"       ."
"162";"120";"2014JJ00";"       .";"       .";"       .";"       .";"       .";"       ."
"163";"120";"2015JJ00";"       .";"       .";"       .";"       .";"       .";"       ."
"164";"120";"2016JJ00";"       .";"       .";"       .";"       .";"       .";"       ."
"165";"121";"2002JJ00";"     983";"     193";"      43";"       7";"      78";"     663"
"166";"121";"2003JJ00";"     931";"     259";"      69";"       4";"      63";"     536"
"167";"121";"2004JJ00";"    1029";"     302";"      48";"      14";"      83";"     582"
"168";"121";"2005JJ00";"     990";"     268";"      86";"      24";"      53";"     559"
"169";"121";"2006JJ00";"     937";"     292";"      48";"      38";"      68";"     491"
"170";"121";"2007JJ00";"    1213";"     285";"      80";"      27";"     111";"     711"
"171";"121";"2008JJ00";"    1118";"     340";"      44";"       8";"      53";"     674"
"172";"121";"2009JJ00";"    1456";"     510";"      70";"      34";"     129";"     714"
"173";"121";"2010JJ00";"    1132";"     429";"      43";"      38";"      77";"     544"
"174";"121";"2011JJ00";"    1251";"     615";"      72";"      31";"      97";"     436"
"175";"121";"2012JJ00";"    1318";"     594";"      80";"      65";"     115";"     464"
"176";"121";"2013JJ00";"    1280";"     648";"      33";"      38";"     116";"     444"
"177";"121";"2014JJ00";"    1271";"     664";"      57";"      27";"      74";"     450"
"178";"121";"2015JJ00";"    1411";"     733";"      60";"      46";"      99";"     474"
"179";"121";"2016JJ00";"    1444";"     788";"      30";"      58";"     117";"     451"
"180";"122";"2002JJ00";"      43";"       0";"       .";"      34";"       0";"       8"
"181";"122";"2003JJ00";"      53";"       7";"       .";"      35";"       0";"       4"
"182";"122";"2004JJ00";"      42";"       0";"       .";"      41";"       .";"       1"
"183";"122";"2005JJ00";"      46";"       0";"       .";"      37";"       .";"       4"
"184";"122";"2006JJ00";"      41";"       0";"       .";"      36";"       .";"       5"
"185";"122";"2007JJ00";"      48";"       0";"       0";"      48";"       0";"       0"
"186";"122";"2008JJ00";"      67";"       0";"       .";"      67";"       .";"       0"
"187";"122";"2009JJ00";"      73";"       3";"       .";"      62";"       0";"       7"
"188";"122";"2010JJ00";"      95";"       4";"       .";"      91";"       .";"       0"
"189";"122";"2011JJ00";"      82";"       .";"       .";"      78";"       .";"       4"
"190";"122";"2012JJ00";"      94";"       .";"       .";"       .";"       .";"       ."
"191";"122";"2013JJ00";"       .";"       .";"       .";"       .";"       .";"       ."
"192";"122";"2014JJ00";"       .";"       .";"       .";"       .";"       .";"       ."
"193";"122";"2015JJ00";"       .";"       .";"       .";"       .";"       .";"       ."
"194";"122";"2016JJ00";"       .";"       .";"       .";"       .";"       .";"       ."
"195";"123";"2002JJ00";"       2";"       0";"       .";"       2";"       0";"       0"
"196";"123";"2003JJ00";"       0";"       0";"       .";"       0";"       0";"       0"
"197";"123";"2004JJ00";"       8";"       0";"       .";"       8";"       .";"       0"
"198";"123";"2005JJ00";"       5";"       0";"       .";"       5";"       .";"       0"
"199";"123";"2006JJ00";"       4";"       0";"       .";"       0";"       .";"       4"
"200";"123";"2007JJ00";"       5";"       0";"       0";"       5";"       0";"       0"
"201";"123";"2008JJ00";"       1";"       0";"       .";"       1";"       .";"       0"
"202";"123";"2009JJ00";"       0";"       0";"       .";"       0";"       0";"       0"
"203";"123";"2010JJ00";"       3";"       0";"       .";"       3";"       .";"       0"
"204";"123";"2011JJ00";"       0";"       .";"       .";"       0";"       .";"       ."
"205";"123";"2012JJ00";"       8";"       .";"       .";"       .";"       .";"       ."
"206";"123";"2013JJ00";"       .";"       .";"       .";"       .";"       .";"       ."
"207";"123";"2014JJ00";"       .";"       .";"       .";"       .";"       .";"       ."
"208";"123";"2015JJ00";"       .";"       .";"       .";"       .";"       .";"       ."
"209";"123";"2016JJ00";"       .";"       .";"       .";"       .";"       .";"       ."
"210";"124";"2002JJ00";"       5";"       0";"       .";"       3";"       0";"       2"
"211";"124";"2003JJ00";"       4";"       0";"       .";"       4";"       0";"       0"
"212";"124";"2004JJ00";"      10";"       2";"       .";"       3";"       .";"       5"
"213";"124";"2005JJ00";"      14";"       1";"       .";"       6";"       .";"       7"
"214";"124";"2006JJ00";"      11";"       0";"       .";"       7";"       .";"       4"
"215";"124";"2007JJ00";"       2";"       0";"       0";"       2";"       0";"       0"
"216";"124";"2008JJ00";"       6";"       0";"       .";"       4";"       .";"       0"
"217";"124";"2009JJ00";"      13";"       0";"       .";"      10";"       0";"       3"
"218";"124";"2010JJ00";"      16";"       0";"       .";"      16";"       .";"       0"
"219";"124";"2011JJ00";"      24";"       .";"       .";"      19";"       .";"       5"
"220";"124";"2012JJ00";"      25";"       .";"       .";"       .";"       .";"       ."
"221";"124";"2013JJ00";"       .";"       .";"       .";"       .";"       .";"       ."
"222";"124";"2014JJ00";"       .";"       .";"       .";"       .";"       .";"       ."
"223";"124";"2015JJ00";"       .";"       .";"       .";"       .";"       .";"       ."
"224";"124";"2016JJ00";"       .";"       .";"       .";"       .";"       .";"       ."
"225";"125";"2002JJ00";"      28";"       5";"       .";"      13";"       0";"       8"
"226";"125";"2003JJ00";"      23";"      11";"       .";"       4";"       5";"       3"
"227";"125";"2004JJ00";"      25";"       7";"       .";"       4";"       .";"       8"
"228";"125";"2005JJ00";"      32";"       3";"       .";"      19";"       .";"       6"
"229";"125";"2006JJ00";"       9";"       0";"       .";"       0";"       .";"       1"
"230";"125";"2007JJ00";"      30";"       1";"       8";"      20";"       0";"       0"
"231";"125";"2008JJ00";"      39";"       7";"       .";"      25";"       .";"       7"
"232";"125";"2009JJ00";"      29";"       4";"       .";"      17";"       2";"       2"
"233";"125";"2010JJ00";"      19";"       3";"      12";"       3";"       .";"       3"
"234";"125";"2011JJ00";"      21";"       3";"       4";"      12";"       2";"       ."
"235";"125";"2012JJ00";"      41";"       .";"       .";"       .";"       .";"       ."
"236";"125";"2013JJ00";"       .";"       .";"       .";"       .";"       .";"       ."
"237";"125";"2014JJ00";"       .";"       .";"       .";"       .";"       .";"       ."
"238";"125";"2015JJ00";"       .";"       .";"       .";"       .";"       .";"       ."
"239";"125";"2016JJ00";"       .";"       .";"       .";"       .";"       .";"       ."
"240";"126";"2002JJ00";"       8";"       0";"       .";"       8";"       0";"       0"
"241";"126";"2003JJ00";"       4";"       0";"       .";"       4";"       0";"       0"
"242";"126";"2004JJ00";"       6";"       0";"       .";"       6";"       .";"       0"
"243";"126";"2005JJ00";"      20";"       0";"       .";"      20";"       .";"       0"
"244";"126";"2006JJ00";"       9";"       0";"       .";"       9";"       .";"       0"
"245";"126";"2007JJ00";"       8";"       0";"       0";"       8";"       0";"       0"
"246";"126";"2008JJ00";"      21";"       0";"       .";"      19";"       .";"       0"
"247";"126";"2009JJ00";"      10";"       0";"       .";"      10";"       0";"       0"
"248";"126";"2010JJ00";"       3";"       0";"       .";"       3";"       .";"       0"
"249";"126";"2011JJ00";"      17";"       .";"       .";"      17";"       .";"       ."
"250";"126";"2012JJ00";"      23";"       .";"       .";"       .";"       .";"       ."
"251";"126";"2013JJ00";"       .";"       .";"       .";"       .";"       .";"       ."
"252";"126";"2014JJ00";"       .";"       .";"       .";"       .";"       .";"       ."
"253";"126";"2015JJ00";"       .";"       .";"       .";"       .";"       .";"       ."
"254";"126";"2016JJ00";"       .";"       .";"       .";"       .";"       .";"       ."
"255";"127";"2002JJ00";"       0";"       0";"       .";"       0";"       0";"       0"
"256";"127";"2003JJ00";"       3";"       0";"       .";"       3";"       0";"       0"
"257";"127";"2004JJ00";"       0";"       0";"       .";"       .";"       .";"       0"
"258";"127";"2005JJ00";"       .";"       0";"       .";"       0";"       .";"       0"
"259";"127";"2006JJ00";"       0";"       0";"       .";"       0";"       .";"       0"
"260";"127";"2007JJ00";"       3";"       0";"       0";"       3";"       0";"       0"
"261";"127";"2008JJ00";"       0";"       0";"       .";"       0";"       .";"       0"
"262";"127";"2009JJ00";"       0";"       0";"       .";"       0";"       0";"       0"
"263";"127";"2010JJ00";"       6";"       0";"       .";"       6";"       .";"       0"
"264";"127";"2011JJ00";"       4";"       .";"       .";"       4";"       .";"       ."
"265";"127";"2012JJ00";"       3";"       .";"       .";"       .";"       .";"       ."
"266";"127";"2013JJ00";"       .";"       .";"       .";"       .";"       .";"       ."
"267";"127";"2014JJ00";"       0";"       0";"       0";"       0";"       0";"       0"
"268";"127";"2015JJ00";"       .";"       .";"       .";"       .";"       .";"       ."
"269";"127";"2016JJ00";"       .";"       .";"       .";"       .";"       .";"       ."
"270";"128";"2002JJ00";"       0";"       0";"       .";"       0";"       0";"       0"
"271";"128";"2003JJ00";"       2";"       0";"       .";"       2";"       0";"       0"
"272";"128";"2004JJ00";"       0";"       0";"       .";"       .";"       .";"       0"
"273";"128";"2005JJ00";"       5";"       0";"       .";"       5";"       .";"       0"
"274";"128";"2006JJ00";"       0";"       0";"       .";"       0";"       .";"       0"
"275";"128";"2007JJ00";"       0";"       0";"       0";"       0";"       0";"       0"
"276";"128";"2008JJ00";"       0";"       0";"       .";"       0";"       .";"       0"
"277";"128";"2009JJ00";"       7";"       0";"       .";"       7";"       0";"       0"
"278";"128";"2010JJ00";"       0";"       0";"       .";"       0";"       .";"       0"
"279";"128";"2011JJ00";"       3";"       .";"       .";"       3";"       .";"       ."
"280";"128";"2012JJ00";"       3";"       .";"       .";"       .";"       .";"       ."
"281";"128";"2013JJ00";"       .";"       .";"       .";"       .";"       .";"       ."
"282";"128";"2014JJ00";"       .";"       .";"       .";"       .";"       .";"       ."
"283";"128";"2015JJ00";"       .";"       .";"       .";"       .";"       .";"       ."
"284";"128";"2016JJ00";"       .";"       .";"       .";"       .";"       .";"       ."
"285";"129";"2002JJ00";"       6";"       0";"       .";"       6";"       0";"       0"
"286";"129";"2003JJ00";"       7";"       0";"       .";"       7";"       0";"       0"
"287";"129";"2004JJ00";"       6";"       0";"       .";"       6";"       .";"       0"
"288";"129";"2005JJ00";"       2";"       0";"       .";"       2";"       .";"       0"
"289";"129";"2006JJ00";"       9";"       0";"       .";"       9";"       .";"       0"
"290";"129";"2007JJ00";"       5";"       0";"       0";"       5";"       0";"       0"
"291";"129";"2008JJ00";"       8";"       0";"       .";"       8";"       .";"       0"
"292";"129";"2009JJ00";"       7";"       0";"       .";"       7";"       0";"       0"
"293";"129";"2010JJ00";"       2";"       0";"       .";"       2";"       .";"       0"
"294";"129";"2011JJ00";"       2";"       .";"       .";"       2";"       .";"       ."
"295";"129";"2012JJ00";"       0";"       .";"       .";"       .";"       .";"       ."
"296";"129";"2013JJ00";"       0";"       0";"       0";"       0";"       0";"       0"
"297";"129";"2014JJ00";"       .";"       .";"       .";"       .";"       .";"       ."
"298";"129";"2015JJ00";"       .";"       .";"       .";"       .";"       .";"       ."
"299";"129";"2016JJ00";"       .";"       .";"       .";"       .";"       .";"       ."
"300";"130";"2002JJ00";"       0";"       0";"       .";"       0";"       0";"       0"
"301";"130";"2003JJ00";"       0";"       0";"       .";"       0";"       0";"       0"
"302";"130";"2004JJ00";"       4";"       0";"       .";"       4";"       .";"       0"
"303";"130";"2005JJ00";"       2";"       0";"       .";"       2";"       .";"       0"
"304";"130";"2006JJ00";"       7";"       0";"       .";"       0";"       .";"       7"
"305";"130";"2007JJ00";"       3";"       3";"       0";"       0";"       0";"       0"
"306";"130";"2008JJ00";"       0";"       0";"       .";"       0";"       .";"       0"
"307";"130";"2009JJ00";"       0";"       0";"       .";"       0";"       0";"       0"
"308";"130";"2010JJ00";"       0";"       0";"       .";"       0";"       .";"       0"
"309";"130";"2011JJ00";"       0";"       .";"       .";"       .";"       .";"       ."
"310";"130";"2012JJ00";"       5";"       .";"       .";"       .";"       .";"       ."
"311";"130";"2013JJ00";"       .";"       .";"       .";"       .";"       .";"       ."
"312";"130";"2014JJ00";"       0";"       0";"       0";"       0";"       0";"       0"
"313";"130";"2015JJ00";"       .";"       .";"       .";"       .";"       .";"       ."
"314";"130";"2016JJ00";"       .";"       .";"       .";"       .";"       .";"       ."
"315";"131";"2002JJ00";"      37";"       2";"       .";"      19";"       6";"       7"
"316";"131";"2003JJ00";"      16";"       0";"       .";"      12";"       0";"       0"
"317";"131";"2004JJ00";"      34";"       9";"       .";"      19";"       .";"       4"
"318";"131";"2005JJ00";"      29";"       0";"       .";"      25";"       .";"       1"
"319";"131";"2006JJ00";"      73";"       0";"       .";"      62";"       .";"       2"
"320";"131";"2007JJ00";"      41";"       0";"       0";"      41";"       0";"       0"
"321";"131";"2008JJ00";"      48";"       0";"       .";"      43";"       .";"       5"
"322";"131";"2009JJ00";"      75";"       7";"       .";"      62";"       0";"       6"
"323";"131";"2010JJ00";"      59";"       9";"       .";"      48";"       .";"       2"
"324";"131";"2011JJ00";"      70";"      10";"       .";"      55";"       .";"       5"
"325";"131";"2012JJ00";"      48";"       .";"       .";"       .";"       .";"       ."
"326";"131";"2013JJ00";"       .";"       .";"       .";"       .";"       .";"       ."
"327";"131";"2014JJ00";"       .";"       .";"       .";"       .";"       .";"       ."
"328";"131";"2015JJ00";"       .";"       .";"       .";"       .";"       .";"       ."
"329";"131";"2016JJ00";"       .";"       .";"       .";"       .";"       .";"       ."
"330";" 40";"2002JJ00";"     194";"       0";"       .";"       0";"       0";"     194"
"331";" 40";"2003JJ00";"     230";"       0";"       .";"       0";"       0";"     230"
"332";" 40";"2004JJ00";"     223";"       0";"       .";"       0";"       .";"     223"
"333";" 40";"2005JJ00";"     161";"       0";"       .";"       0";"       .";"     161"
"334";" 40";"2006JJ00";"     173";"       0";"       .";"       0";"       .";"     173"
"335";" 40";"2007JJ00";"     240";"       0";"       0";"       0";"       0";"     240"
"336";" 40";"2008JJ00";"     248";"       0";"       .";"       0";"       .";"     248"
"337";" 40";"2009JJ00";"     282";"       0";"       .";"       0";"       0";"     282"
"338";" 40";"2010JJ00";"     247";"       0";"       .";"       0";"       .";"     247"
"339";" 40";"2011JJ00";"     279";"       .";"       .";"       .";"       .";"     279"
"340";" 40";"2012JJ00";"     151";"       .";"       .";"       .";"       .";"       ."
"341";" 40";"2013JJ00";"       .";"       .";"       .";"       .";"       .";"       ."
"342";" 40";"2014JJ00";"       .";"       .";"       .";"       .";"       .";"       ."
"343";" 40";"2015JJ00";"       .";"       .";"       .";"       .";"       .";"       ."
"344";" 40";"2016JJ00";"       .";"       .";"       .";"       .";"       .";"       ."
"345";" 42";"2002JJ00";"      60";"       0";"       .";"       0";"       0";"      60"
"346";" 42";"2003JJ00";"      67";"       0";"       .";"       0";"       0";"      67"
"347";" 42";"2004JJ00";"      82";"       0";"       .";"       0";"       .";"      82"
"348";" 42";"2005JJ00";"      40";"       0";"       .";"       0";"       .";"      40"
"349";" 42";"2006JJ00";"      87";"       0";"       .";"       0";"       .";"      87"
"350";" 42";"2007JJ00";"     156";"       0";"       0";"       0";"       0";"     156"
"351";" 42";"2008JJ00";"     160";"       1";"       .";"       0";"       .";"     160"
"352";" 42";"2009JJ00";"     203";"       0";"       .";"       0";"       0";"     203"
"353";" 42";"2010JJ00";"     127";"       0";"       .";"       0";"       .";"     127"
"354";" 42";"2011JJ00";"     190";"       .";"       .";"       .";"       .";"     190"
"355";" 42";"2012JJ00";"     104";"       .";"       .";"       .";"       .";"       ."
"356";" 42";"2013JJ00";"       .";"       .";"       .";"       .";"       .";"       ."
"357";" 42";"2014JJ00";"       .";"       .";"       .";"       .";"       .";"       ."
"358";" 42";"2015JJ00";"       .";"       .";"       .";"       .";"       .";"       ."
"359";" 42";"2016JJ00";"       .";"       .";"       .";"       .";"       .";"       ."
"360";" 43";"2002JJ00";"     123";"       0";"       .";"       0";"       0";"     123"
"361";" 43";"2003JJ00";"     161";"       0";"       .";"       0";"       0";"     161"
"362";" 43";"2004JJ00";"     141";"       0";"       .";"       0";"       .";"     141"
"363";" 43";"2005JJ00";"     118";"       0";"       .";"       0";"       .";"     118"
"364";" 43";"2006JJ00";"      86";"       0";"       .";"       0";"       .";"      86"
"365";" 43";"2007JJ00";"      81";"       0";"       0";"       0";"       0";"      81"
"366";" 43";"2008JJ00";"      85";"       0";"       .";"       0";"       .";"      85"
"367";" 43";"2009JJ00";"      75";"       0";"       .";"       0";"       0";"      75"
"368";" 43";"2010JJ00";"     113";"       0";"       .";"       0";"       .";"     113"
"369";" 43";"2011JJ00";"      81";"       .";"       .";"       .";"       .";"      81"
"370";" 43";"2012JJ00";"      47";"       .";"       .";"       .";"       .";"       ."
"371";" 43";"2013JJ00";"       .";"       .";"       .";"       .";"       .";"       ."
"372";" 43";"2014JJ00";"       .";"       .";"       .";"       .";"       .";"       ."
"373";" 43";"2015JJ00";"       .";"       .";"       .";"       .";"       .";"       ."
"374";" 43";"2016JJ00";"       .";"       .";"       .";"       .";"       .";"       ."
"375";" 44";"2002JJ00";"       0";"       0";"       .";"       0";"       0";"       0"
"376";" 44";"2003JJ00";"       0";"       0";"       .";"       0";"       0";"       0"
"377";" 44";"2004JJ00";"       0";"       0";"       .";"       0";"       .";"       0"
"378";" 44";"2005JJ00";"       .";"       0";"       .";"       0";"       .";"       0"
"379";" 44";"2006JJ00";"       0";"       0";"       .";"       0";"       .";"       0"
"380";" 44";"2007JJ00";"       0";"       0";"       0";"       0";"       0";"       0"
"381";" 44";"2008JJ00";"       0";"       0";"       .";"       0";"       .";"       0"
"382";" 44";"2009JJ00";"       0";"       0";"       .";"       0";"       0";"       0"
"383";" 44";"2010JJ00";"       0";"       0";"       .";"       0";"       .";"       0"
"384";" 44";"2011JJ00";"       2";"       .";"       .";"       .";"       .";"       2"
"385";" 44";"2012JJ00";"       0";"       .";"       .";"       .";"       .";"       ."
"386";" 44";"2013JJ00";"       .";"       .";"       .";"       .";"       .";"       ."
"387";" 44";"2014JJ00";"       0";"       0";"       0";"       0";"       0";"       0"
"388";" 44";"2015JJ00";"       .";"       .";"       .";"       .";"       .";"       ."
"389";" 44";"2016JJ00";"       .";"       .";"       .";"       .";"       .";"       ."
"390";" 45";"2002JJ00";"      10";"       0";"       .";"       0";"       0";"      10"
"391";" 45";"2003JJ00";"       3";"       0";"       .";"       0";"       0";"       3"
"392";" 45";"2004JJ00";"       0";"       0";"       .";"       0";"       .";"       0"
"393";" 45";"2005JJ00";"       3";"       0";"       .";"       0";"       .";"       3"
"394";" 45";"2006JJ00";"       0";"       0";"       .";"       0";"       .";"       0"
"395";" 45";"2007JJ00";"       2";"       0";"       0";"       0";"       0";"       2"
"396";" 45";"2008JJ00";"       3";"       0";"       .";"       0";"       .";"       3"
"397";" 45";"2009JJ00";"       3";"       0";"       .";"       0";"       0";"       3"
"398";" 45";"2010JJ00";"       8";"       0";"       .";"       0";"       .";"       8"
"399";" 45";"2011JJ00";"       5";"       .";"       .";"       .";"       .";"       5"
"400";" 45";"2012JJ00";"       0";"       .";"       .";"       .";"       .";"       ."
"401";" 45";"2013JJ00";"       .";"       .";"       .";"       .";"       .";"       ."
"402";" 45";"2014JJ00";"       .";"       .";"       .";"       .";"       .";"       ."
"403";" 45";"2015JJ00";"       .";"       .";"       .";"       .";"       .";"       ."
"404";" 45";"2016JJ00";"       .";"       .";"       .";"       .";"       .";"       ."
"405";" 41";"2002JJ00";"    3391";"     830";"     189";"     360";"     451";"    1561"
"406";" 41";"2003JJ00";"    3226";"     923";"     241";"     348";"     404";"    1309"
"407";" 41";"2004JJ00";"    3340";"    1001";"     201";"     448";"     339";"    1351"
"408";" 41";"2005JJ00";"    3131";"     998";"     255";"     374";"     294";"    1209"
"409";" 41";"2006JJ00";"    3056";"     838";"     208";"     456";"     336";"    1219"
"410";" 41";"2007JJ00";"    3422";"     995";"     203";"     497";"     393";"    1334"
"411";" 41";"2008JJ00";"    3116";"    1044";"     144";"     456";"     343";"    1129"
"412";" 41";"2009JJ00";"    3534";"    1202";"     201";"     511";"     376";"    1244"
"413";" 41";"2010JJ00";"    3377";"    1232";"     150";"     570";"     322";"    1103"
"414";" 41";"2011JJ00";"    3423";"    1439";"     184";"     599";"     420";"     781"
"415";" 41";"2012JJ00";"    3634";"    1459";"     180";"     713";"     394";"     888"
"416";" 41";"2013JJ00";"    3476";"    1505";"     123";"     743";"     354";"     751"
"417";" 41";"2014JJ00";"    3259";"    1348";"     183";"     677";"     301";"     749"
"418";" 41";"2015JJ00";"    3545";"    1506";"     152";"     730";"     351";"     806"
"419";" 41";"2016JJ00";"    3390";"    1506";"     135";"     801";"     305";"     644"
"420";" 46";"2002JJ00";"     444";"       6";"       0";"      44";"      27";"     367"
"421";" 46";"2003JJ00";"     422";"       9";"       7";"      68";"      17";"     321"
"422";" 46";"2004JJ00";"     519";"       4";"       0";"      82";"      20";"     412"
"423";" 46";"2005JJ00";"     373";"       0";"       0";"      32";"       6";"     335"
"424";" 46";"2006JJ00";"     359";"      10";"       0";"      62";"      21";"     266"
"425";" 46";"2007JJ00";"     373";"       2";"       4";"      68";"      26";"     273"
"426";" 46";"2008JJ00";"     354";"      12";"       0";"      57";"       8";"     276"
"427";" 46";"2009JJ00";"     334";"       0";"       .";"      50";"      12";"     273"
"428";" 46";"2010JJ00";"     364";"       2";"       2";"      73";"      20";"     267"
"429";" 46";"2011JJ00";"     284";"       .";"       8";"      93";"      16";"     167"
"430";" 46";"2012JJ00";"     317";"       .";"       .";"       .";"       .";"       ."
"431";" 46";"2013JJ00";"       .";"       .";"       .";"       .";"       .";"       ."
"432";" 46";"2014JJ00";"       .";"       .";"       .";"       .";"       .";"       ."
"433";" 46";"2015JJ00";"       .";"       .";"       .";"       .";"       .";"       ."
"434";" 46";"2016JJ00";"       .";"       .";"       .";"       .";"       .";"       ."
"435";" 47";"2002JJ00";"      66";"      22";"       .";"       1";"       7";"      34"
"436";" 47";"2003JJ00";"      81";"      23";"       .";"       0";"       5";"      45"
"437";" 47";"2004JJ00";"      95";"      42";"       .";"      11";"       .";"      39"
"438";" 47";"2005JJ00";"      85";"      38";"       .";"       2";"       .";"      45"
"439";" 47";"2006JJ00";"      67";"      28";"       .";"       0";"       .";"      37"
"440";" 47";"2007JJ00";"      81";"      34";"       3";"       2";"       5";"      38"
"441";" 47";"2008JJ00";"      99";"      46";"       .";"       2";"       .";"      47"
"442";" 47";"2009JJ00";"      98";"      42";"       .";"       0";"       0";"      49"
"443";" 47";"2010JJ00";"      90";"      38";"       3";"       6";"       .";"      44"
"444";" 47";"2011JJ00";"      73";"      36";"       4";"       4";"       1";"      29"
"445";" 47";"2012JJ00";"     130";"       .";"       .";"       .";"       .";"       ."
"446";" 47";"2013JJ00";"       0";"       0";"       0";"       0";"       0";"       0"
"447";" 47";"2014JJ00";"       .";"       .";"       .";"       .";"       .";"       ."
"448";" 47";"2015JJ00";"       .";"       .";"       .";"       .";"       .";"       ."
"449";" 47";"2016JJ00";"       .";"       .";"       .";"       .";"       .";"       ."
"450";" 48";"2002JJ00";"    1841";"     534";"     161";"     285";"     301";"     560"
"451";" 48";"2003JJ00";"    1727";"     522";"     199";"     243";"     259";"     504"
"452";" 48";"2004JJ00";"    1846";"     625";"     171";"     313";"     240";"     498"
"453";" 48";"2005JJ00";"    1804";"     619";"     209";"     301";"     227";"     448"
"454";" 48";"2006JJ00";"    1770";"     502";"     158";"     334";"     234";"     541"
"455";" 48";"2007JJ00";"    2058";"     683";"     150";"     346";"     281";"     597"
"456";" 48";"2008JJ00";"    1884";"     669";"     120";"     342";"     254";"     500"
"457";" 48";"2009JJ00";"    2228";"     832";"     148";"     416";"     291";"     540"
"458";" 48";"2010JJ00";"    2024";"     778";"     118";"     425";"     253";"     449"
"459";" 48";"2011JJ00";"    2094";"     992";"     140";"     437";"     285";"     241"
"460";" 48";"2012JJ00";"    2187";"     989";"     145";"     532";"     275";"     246"
"461";" 48";"2013JJ00";"    2180";"    1030";"      96";"     559";"     247";"     248"
"462";" 48";"2014JJ00";"    2004";"     963";"     142";"     457";"     198";"     244"
"463";" 48";"2015JJ00";"    2094";"    1058";"     106";"     493";"     231";"     206"
"464";" 48";"2016JJ00";"    2128";"    1087";"      97";"     573";"     186";"     185"
"465";" 49";"2002JJ00";"     111";"      18";"       .";"      13";"       7";"      67"
"466";" 49";"2003JJ00";"     104";"      24";"       .";"      20";"      14";"      47"
"467";" 49";"2004JJ00";"      84";"      11";"       .";"      11";"       .";"      57"
"468";" 49";"2005JJ00";"     126";"      22";"       .";"      14";"       .";"      87"
"469";" 49";"2006JJ00";"     121";"      16";"       .";"      27";"       .";"      63"
"470";" 49";"2007JJ00";"     146";"      21";"       3";"      29";"      12";"      82"
"471";" 49";"2008JJ00";"     128";"      16";"       .";"      22";"       .";"      75"
"472";" 49";"2009JJ00";"     124";"      20";"       .";"       6";"      10";"      82"
"473";" 49";"2010JJ00";"     121";"      29";"       5";"      21";"       6";"      59"
"474";" 49";"2011JJ00";"      92";"      24";"       2";"      13";"       3";"      49"
"475";" 49";"2012JJ00";"     186";"       .";"       .";"       .";"       .";"       ."
"476";" 49";"2013JJ00";"       .";"       .";"       .";"       .";"       .";"       ."
"477";" 49";"2014JJ00";"       .";"       .";"       .";"       .";"       .";"       ."
"478";" 49";"2015JJ00";"       .";"       .";"       .";"       .";"       .";"       ."
"479";" 49";"2016JJ00";"       .";"       .";"       .";"       .";"       .";"       ."
"480";" 50";"2002JJ00";"      61";"      12";"       .";"       9";"       2";"      35"
"481";" 50";"2003JJ00";"      65";"      27";"       .";"       3";"       3";"      32"
"482";" 50";"2004JJ00";"      82";"      21";"       .";"      14";"       .";"      37"
"483";" 50";"2005JJ00";"      72";"      24";"       .";"      20";"       .";"      25"
"484";" 50";"2006JJ00";"      68";"      18";"       .";"      15";"       .";"      25"
"485";" 50";"2007JJ00";"      87";"      21";"       5";"      22";"       1";"      37"
"486";" 50";"2008JJ00";"      62";"      28";"       .";"      15";"       .";"      19"
"487";" 50";"2009JJ00";"     100";"      37";"       .";"      17";"       7";"      34"
"488";" 50";"2010JJ00";"     117";"      39";"       5";"      32";"       9";"      32"
"489";" 50";"2011JJ00";"      95";"      30";"       2";"      40";"       6";"      16"
"490";" 50";"2012JJ00";"      85";"       .";"       .";"       .";"       .";"       ."
"491";" 50";"2013JJ00";"       .";"       .";"       .";"       .";"       .";"       ."
"492";" 50";"2014JJ00";"       .";"       .";"       .";"       .";"       .";"       ."
"493";" 50";"2015JJ00";"       .";"       .";"       .";"       .";"       .";"       ."
"494";" 50";"2016JJ00";"       .";"       .";"       .";"       .";"       .";"       ."
"495";" 51";"2002JJ00";"     366";"     198";"       .";"       0";"       4";"     164"
"496";" 51";"2003JJ00";"     373";"     255";"       .";"       5";"       0";"     113"
"497";" 51";"2004JJ00";"     295";"     209";"       .";"       0";"       .";"      76"
"498";" 51";"2005JJ00";"     335";"     217";"       .";"       0";"       .";"     115"
"499";" 51";"2006JJ00";"     351";"     210";"       .";"       2";"       .";"     128"
"500";" 51";"2007JJ00";"     293";"     163";"       4";"       5";"       3";"     118"
"501";" 51";"2008JJ00";"     283";"     210";"       .";"       4";"       .";"      69"
"502";" 51";"2009JJ00";"     288";"     213";"       .";"       2";"       1";"      70"
"503";" 51";"2010JJ00";"     349";"     257";"       4";"       0";"       2";"      85"
"504";" 51";"2011JJ00";"     427";"     286";"       4";"       8";"      11";"     119"
"505";" 51";"2012JJ00";"     349";"       .";"       .";"       .";"       .";"       ."
"506";" 51";"2013JJ00";"       .";"       .";"       .";"       .";"       .";"       ."
"507";" 51";"2014JJ00";"       .";"       .";"       .";"       .";"       .";"       ."
"508";" 51";"2015JJ00";"       .";"       .";"       .";"       .";"       .";"       ."
"509";" 51";"2016JJ00";"       .";"       .";"       .";"       .";"       .";"       ."
"510";" 52";"2002JJ00";"     148";"       9";"       .";"       0";"       2";"     133"
"511";" 52";"2003JJ00";"     110";"      14";"       .";"       2";"       5";"      86"
"512";" 52";"2004JJ00";"     135";"      42";"       .";"       4";"       .";"      79"
"513";" 52";"2005JJ00";"      81";"      15";"       .";"       3";"       .";"      55"
"514";" 52";"2006JJ00";"      88";"      15";"       .";"       0";"       .";"      46"
"515";" 52";"2007JJ00";"      65";"      13";"       0";"       0";"       7";"      45"
"516";" 52";"2008JJ00";"      66";"      17";"       .";"       0";"       .";"      33"
"517";" 52";"2009JJ00";"      77";"      10";"       .";"       0";"       8";"      49"
"518";" 52";"2010JJ00";"     104";"      25";"       .";"       2";"       .";"      77"
"519";" 52";"2011JJ00";"      67";"      10";"       6";"       .";"       7";"      44"
"520";" 52";"2012JJ00";"      72";"       .";"       .";"       .";"       .";"       ."
"521";" 52";"2013JJ00";"       .";"       .";"       .";"       .";"       .";"       ."
"522";" 52";"2014JJ00";"       .";"       .";"       .";"       .";"       .";"       ."
"523";" 52";"2015JJ00";"       .";"       .";"       .";"       .";"       .";"       ."
"524";" 52";"2016JJ00";"       .";"       .";"       .";"       .";"       .";"       ."
"525";" 53";"2002JJ00";"      55";"       8";"       .";"       0";"       0";"      45"
"526";" 53";"2003JJ00";"      73";"       7";"       .";"       0";"       0";"      66"
"527";" 53";"2004JJ00";"      60";"      12";"       .";"       2";"       .";"      45"
"528";" 53";"2005JJ00";"      69";"      32";"       .";"       2";"       .";"      34"
"529";" 53";"2006JJ00";"      59";"      19";"       .";"       2";"       .";"      36"
"530";" 53";"2007JJ00";"      66";"      18";"       2";"       2";"       0";"      44"
"531";" 53";"2008JJ00";"      60";"      20";"       .";"       0";"       .";"      36"
"532";" 53";"2009JJ00";"      89";"      18";"       .";"       0";"       0";"      67"
"533";" 53";"2010JJ00";"      74";"      34";"       .";"       0";"       4";"      35"
"534";" 53";"2011JJ00";"      45";"      25";"       .";"       2";"       .";"      18"
"535";" 53";"2012JJ00";"      75";"       .";"       .";"       .";"       .";"       ."
"536";" 53";"2013JJ00";"       .";"       .";"       .";"       .";"       .";"       ."
"537";" 53";"2014JJ00";"       .";"       .";"       .";"       .";"       .";"       ."
"538";" 53";"2015JJ00";"       .";"       .";"       .";"       .";"       .";"       ."
"539";" 53";"2016JJ00";"       .";"       .";"       .";"       .";"       .";"       ."
"540";" 54";"2002JJ00";"      68";"       2";"       .";"       0";"       0";"      66"
"541";" 54";"2003JJ00";"      49";"       4";"       .";"       0";"       0";"      45"
"542";" 54";"2004JJ00";"      42";"       5";"       .";"       0";"       .";"      37"
"543";" 54";"2005JJ00";"      38";"       5";"       .";"       0";"       .";"      33"
"544";" 54";"2006JJ00";"      40";"       5";"       .";"       0";"       .";"      35"
"545";" 54";"2007JJ00";"      71";"       3";"       0";"       0";"       0";"      67"
"546";" 54";"2008JJ00";"      49";"       5";"       .";"       0";"       .";"      45"
"547";" 54";"2009JJ00";"      56";"       8";"       .";"       0";"       0";"      48"
"548";" 54";"2010JJ00";"      42";"      16";"       .";"       0";"       .";"      26"
"549";" 54";"2011JJ00";"      74";"       7";"       2";"       .";"       .";"      65"
"550";" 54";"2012JJ00";"      95";"       .";"       .";"       .";"       .";"       ."
"551";" 54";"2013JJ00";"       .";"       .";"       .";"       .";"       .";"       ."
"552";" 54";"2014JJ00";"       .";"       .";"       .";"       .";"       .";"       ."
"553";" 54";"2015JJ00";"       .";"       .";"       .";"       .";"       .";"       ."
"554";" 54";"2016JJ00";"       .";"       .";"       .";"       .";"       .";"       ."
"555";" 55";"2002JJ00";"      94";"       0";"       .";"       0";"      79";"      15"
"556";" 55";"2003JJ00";"      80";"       3";"       .";"       0";"      69";"       5"
"557";" 55";"2004JJ00";"      45";"       0";"       .";"       0";"       .";"       4"
"558";" 55";"2005JJ00";"      27";"       0";"       .";"       0";"       .";"       0"
"559";" 55";"2006JJ00";"      32";"       3";"       .";"       0";"       .";"       5"
"560";" 55";"2007JJ00";"      50";"       0";"       0";"       0";"      49";"       2"
"561";" 55";"2008JJ00";"      38";"       0";"       .";"       0";"       .";"       0"
"562";" 55";"2009JJ00";"      39";"       2";"       .";"       0";"      33";"       2"
"563";" 55";"2010JJ00";"      13";"       0";"       .";"       0";"      11";"       2"
"564";" 55";"2011JJ00";"      81";"       .";"       5";"       .";"      74";"       1"
"565";" 55";"2012JJ00";"      32";"       .";"       .";"       .";"       .";"       ."
"566";" 55";"2013JJ00";"       .";"       .";"       .";"       .";"       .";"       ."
"567";" 55";"2014JJ00";"       .";"       .";"       .";"       .";"       .";"       ."
"568";" 55";"2015JJ00";"       .";"       .";"       .";"       .";"       .";"       ."
"569";" 55";"2016JJ00";"       .";"       .";"       .";"       .";"       .";"       ."
"570";" 56";"2002JJ00";"      84";"      15";"       .";"       8";"       6";"      46"
"571";" 56";"2003JJ00";"     107";"      32";"       .";"       4";"      24";"      32"
"572";" 56";"2004JJ00";"      88";"      22";"       .";"       8";"       .";"      36"
"573";" 56";"2005JJ00";"      73";"      21";"       .";"       0";"       .";"      21"
"574";" 56";"2006JJ00";"      55";"      11";"       .";"       5";"       .";"      20"
"575";" 56";"2007JJ00";"     105";"      36";"      18";"      24";"       2";"      25"
"576";" 56";"2008JJ00";"      66";"      21";"       .";"      14";"       .";"      18"
"577";" 56";"2009JJ00";"      80";"      13";"       .";"      20";"       8";"      21"
"578";" 56";"2010JJ00";"      62";"      12";"       8";"      11";"       9";"      22"
"579";" 56";"2011JJ00";"      76";"      26";"       9";"       2";"      15";"      25"
"580";" 56";"2012JJ00";"      62";"       .";"       .";"       .";"       .";"       ."
"581";" 56";"2013JJ00";"       .";"       .";"       .";"       .";"       .";"       ."
"582";" 56";"2014JJ00";"       .";"       .";"       .";"       .";"       .";"       ."
"583";" 56";"2015JJ00";"       .";"       .";"       .";"       .";"       .";"       ."
"584";" 56";"2016JJ00";"       .";"       .";"       .";"       .";"       .";"       ."
"585";" 57";"2002JJ00";"      52";"       5";"       .";"       0";"      17";"      30"
"586";" 57";"2003JJ00";"      34";"       3";"       .";"       2";"       8";"      14"
"587";" 57";"2004JJ00";"      51";"       8";"       .";"       2";"       .";"      30"
"588";" 57";"2005JJ00";"      46";"       6";"       .";"       0";"       .";"      11"
"589";" 57";"2006JJ00";"      45";"       3";"       .";"       9";"       .";"      17"
"590";" 57";"2007JJ00";"      27";"       0";"      14";"       0";"       8";"       5"
"591";" 57";"2008JJ00";"      26";"       1";"       .";"       0";"       .";"      10"
"592";" 57";"2009JJ00";"      21";"       4";"       .";"       0";"       5";"      10"
"593";" 57";"2010JJ00";"      19";"       2";"       5";"       0";"       6";"       5"
"594";" 57";"2011JJ00";"      14";"       4";"       2";"       .";"       2";"       7"
"595";" 57";"2012JJ00";"      41";"       .";"       .";"       .";"       .";"       ."
"596";" 57";"2013JJ00";"       .";"       .";"       .";"       .";"       .";"       ."
"597";" 57";"2014JJ00";"       .";"       .";"       .";"       .";"       .";"       ."
"598";" 57";"2015JJ00";"       .";"       .";"       .";"       .";"       .";"       ."
"599";" 57";"2016JJ00";"       .";"       .";"       .";"       .";"       .";"       ."
