"ID";"BestemmingEnSeizoen";"Vakantiekenmerken";"Perioden";"TotaalNederlanders_1";"PercentageNederlanders_2";"Totaal_3";"GemiddeldPerNederlander_4";"GemiddeldPerDeelnemer_5";"Totaal_6";"GemiddeldPerNederlander_7";"GemiddeldPerDeelnemer_8";"GemiddeldPerVakantie_9";"Totaal_10";"GemiddeldPerNederlander_11";"GemiddeldPerDeelnemer_12";"GemiddeldPerVakantie_13";"Totaal_14";"GemiddeldPerNederlander_15";"GemiddeldPerDeelnemer_16";"GemiddeldPerPersoonPerVakantie_17";"GemiddeldPerPersoonPerVakantiedag_18"
"0";"T001047";"T001460";"2017JJ00";"   14084";"    83.6";"   41252";"     2.4";"     2.9";"   364.9";"    21.7";"    25.9";"     8.8";"   323.6";"    19.2";"    23.0";"     7.8";"   20637";"    1225";"    1465";"     500";"      57"
"1";"T001047";"T001460";"2018JJ00";"   14124";"    83.3";"   40854";"     2.4";"     2.9";"   366.9";"    21.6";"    26.0";"     9.0";"   326.1";"    19.2";"    23.1";"     8.0";"   21338";"    1259";"    1511";"     522";"      58"
"2";"T001047";"A046359";"2017JJ00";"    7642";"    45.4";"   14565";"     0.9";"     1.9";"   101.3";"     6.0";"    13.3";"     7.0";"    86.8";"     5.2";"    11.4";"     6.0";"    9900";"     588";"    1295";"     680";"      98"
"3";"T001047";"A046359";"2018JJ00";"    7770";"    45.8";"   14517";"     0.9";"     1.9";"   104.1";"     6.1";"    13.4";"     7.2";"    89.6";"     5.3";"    11.5";"     6.2";"   10300";"     608";"    1326";"     710";"      99"
"4";"T001047";"A046360";"2017JJ00";"    6341";"    37.7";"   11740";"     0.7";"     1.9";"    98.8";"     5.9";"    15.6";"     8.4";"    87.1";"     5.2";"    13.7";"     7.4";"    3555";"     211";"     561";"     303";"      36"
"5";"T001047";"A046360";"2018JJ00";"    6457";"    38.1";"   11696";"     0.7";"     1.8";"    99.5";"     5.9";"    15.4";"     8.5";"    87.8";"     5.2";"    13.6";"     7.5";"    3754";"     222";"     581";"     321";"      38"
"6";"T001047";"A046361";"2017JJ00";"    2004";"    11.9";"    2451";"     0.1";"     1.2";"    25.0";"     1.5";"    12.5";"    10.2";"    22.5";"     1.3";"    11.3";"     9.2";"    1762";"     105";"     879";"     719";"      70"
"7";"T001047";"A046361";"2018JJ00";"    2065";"    12.2";"    2428";"     0.1";"     1.2";"    25.0";"     1.5";"    12.1";"    10.3";"    22.5";"     1.3";"    10.9";"     9.3";"    1855";"     109";"     898";"     764";"      74"
"8";"T001047";"A046362";"2017JJ00";"    3064";"    18.2";"    5358";"     0.3";"     1.7";"    72.1";"     4.3";"    23.5";"    13.5";"    66.8";"     4.0";"    21.8";"    12.5";"    2172";"     129";"     709";"     405";"      30"
"9";"T001047";"A046362";"2018JJ00";"    3104";"    18.3";"    5226";"     0.3";"     1.7";"    74.7";"     4.4";"    24.1";"    14.3";"    69.5";"     4.1";"    22.4";"    13.3";"    2143";"     126";"     690";"     410";"      29"
"10";"T001047";"A046363";"2017JJ00";"    4017";"    23.9";"    5726";"     0.3";"     1.4";"    56.2";"     3.3";"    14.0";"     9.8";"    50.5";"     3.0";"    12.6";"     8.8";"    2497";"     148";"     622";"     436";"      44"
"11";"T001047";"A046363";"2018JJ00";"    3942";"    23.3";"    5677";"     0.3";"     1.4";"    53.3";"     3.1";"    13.5";"     9.4";"    47.6";"     2.8";"    12.1";"     8.4";"    2517";"     149";"     639";"     443";"      47"
"12";"T001047";"A046366";"2017JJ00";"     965";"     5.7";"    1412";"     0.1";"     1.5";"    11.4";"     0.7";"    11.8";"     8.1";"    10.0";"     0.6";"    10.3";"     7.1";"     752";"      45";"     780";"     533";"      66"
"13";"T001047";"A046366";"2018JJ00";"     893";"     5.3";"    1310";"     0.1";"     1.5";"    10.3";"     0.6";"    11.6";"     7.9";"     9.0";"     0.5";"    10.1";"     6.9";"     768";"      45";"     860";"     586";"      74"
"14";"T001047";"A046406";"2017JJ00";"    1681";"    10.0";"    5232";"     0.3";"     3.1";"    52.5";"     3.1";"    31.2";"    10.0";"    47.2";"     2.8";"    28.1";"     9.0";"     895";"      53";"     532";"     171";"      17"
"15";"T001047";"A046406";"2018JJ00";"    1709";"    10.1";"    4916";"     0.3";"     2.9";"    52.8";"     3.1";"    30.9";"    10.7";"    47.8";"     2.8";"    28.0";"     9.7";"     923";"      54";"     540";"     188";"      18"
"16";"T001047";"A046399";"2017JJ00";"    6023";"    35.8";"    9437";"     0.6";"     1.6";"    95.7";"     5.7";"    15.9";"    10.1";"    86.3";"     5.1";"    14.3";"     9.1";"    9973";"     592";"    1656";"    1057";"     104"
"17";"T001047";"A046399";"2018JJ00";"    6298";"    37.2";"    9822";"     0.6";"     1.6";"   101.1";"     6.0";"    16.1";"    10.3";"    91.3";"     5.4";"    14.5";"     9.3";"   10581";"     624";"    1680";"    1077";"     105"
"18";"T001047";"A046400";"2017JJ00";"    3850";"    22.9";"    4942";"     0.3";"     1.3";"    53.1";"     3.2";"    13.8";"    10.7";"    48.1";"     2.9";"    12.5";"     9.7";"    5734";"     340";"    1489";"    1160";"     108"
"19";"T001047";"A046400";"2018JJ00";"    3921";"    23.1";"    5123";"     0.3";"     1.3";"    53.5";"     3.2";"    13.7";"    10.5";"    48.4";"     2.9";"    12.3";"     9.5";"    5984";"     353";"    1526";"    1168";"     112"
"20";"T001047";"A046401";"2017JJ00";"    3080";"    18.3";"    4495";"     0.3";"     1.5";"    42.6";"     2.5";"    13.8";"     9.5";"    38.1";"     2.3";"    12.4";"     8.5";"    4240";"     252";"    1377";"     943";"      99"
"21";"T001047";"A046401";"2018JJ00";"    3309";"    19.5";"    4699";"     0.3";"     1.4";"    47.6";"     2.8";"    14.4";"    10.1";"    42.9";"     2.5";"    13.0";"     9.1";"    4597";"     271";"    1389";"     978";"      97"
"22";"T001047";"A046402";"2017JJ00";"    9129";"    54.2";"   17348";"     1.0";"     1.9";"   124.1";"     7.4";"    13.6";"     7.2";"   106.7";"     6.3";"    11.7";"     6.2";"    5898";"     350";"     646";"     340";"      48"
"23";"T001047";"A046402";"2018JJ00";"    9675";"    57.1";"   18871";"     1.1";"     2.0";"   138.2";"     8.2";"    14.3";"     7.3";"   119.3";"     7.0";"    12.3";"     6.3";"    6709";"     396";"     693";"     356";"      49"
"24";"T001047";"A046403";"2017JJ00";"    1676";"    10.0";"    2095";"     0.1";"     1.3";"    30.3";"     1.8";"    18.1";"    14.5";"    28.2";"     1.7";"    16.8";"    13.5";"    1815";"     108";"    1083";"     866";"      60"
"25";"T001047";"A046403";"2018JJ00";"    1472";"     8.7";"    1869";"     0.1";"     1.3";"    25.4";"     1.5";"    17.2";"    13.6";"    23.5";"     1.4";"    16.0";"    12.6";"    1575";"      93";"    1070";"     843";"      62"
"26";"T001047";"A046404";"2017JJ00";"    4715";"    28.0";"    7140";"     0.4";"     1.5";"    62.4";"     3.7";"    13.2";"     8.7";"    55.2";"     3.3";"    11.7";"     7.7";"    2056";"     122";"     436";"     288";"      33"
"27";"T001047";"A046404";"2018JJ00";"    3722";"    22.0";"    5375";"     0.3";"     1.4";"    49.5";"     2.9";"    13.3";"     9.2";"    44.1";"     2.6";"    11.9";"     8.2";"    1550";"      91";"     416";"     288";"      31"
"28";"T001047";"A046368";"2017JJ00";"    1362";"     8.1";"    2297";"     0.1";"     1.7";"    20.3";"     1.2";"    14.9";"     8.9";"    18.1";"     1.1";"    13.3";"     7.9";"    1459";"      87";"    1072";"     635";"      72"
"29";"T001047";"A046368";"2018JJ00";"    1547";"     9.1";"    2874";"     0.2";"     1.9";"    25.3";"     1.5";"    16.3";"     8.8";"    22.4";"     1.3";"    14.5";"     7.8";"    1993";"     118";"    1288";"     693";"      79"
"30";"T001047";"A046369";"2017JJ00";"    6146";"    36.5";"   15375";"     0.9";"     2.5";"   149.4";"     8.9";"    24.3";"     9.7";"   134.1";"     8.0";"    21.8";"     8.7";"    8815";"     523";"    1434";"     573";"      59"
"31";"T001047";"A046369";"2018JJ00";"    5820";"    34.3";"   13899";"     0.8";"     2.4";"   137.1";"     8.1";"    23.6";"     9.9";"   123.2";"     7.3";"    21.2";"     8.9";"    8132";"     480";"    1397";"     585";"      59"
"32";"T001047";"A046370";"2017JJ00";"    6239";"    37.0";"   14240";"     0.8";"     2.3";"   126.3";"     7.5";"    20.2";"     8.9";"   112.1";"     6.7";"    18.0";"     7.9";"    5258";"     312";"     843";"     369";"      42"
"33";"T001047";"A046370";"2018JJ00";"    6259";"    36.9";"   14392";"     0.8";"     2.3";"   132.1";"     7.8";"    21.1";"     9.2";"   117.7";"     6.9";"    18.8";"     8.2";"    5659";"     334";"     904";"     393";"      43"
"34";"T001047";"A046371";"2017JJ00";"    3636";"    21.6";"    5657";"     0.3";"     1.6";"    44.7";"     2.7";"    12.3";"     7.9";"    39.1";"     2.3";"    10.7";"     6.9";"    3076";"     183";"     846";"     544";"      69"
"35";"T001047";"A046371";"2018JJ00";"    3775";"    22.3";"    5784";"     0.3";"     1.5";"    46.1";"     2.7";"    12.2";"     8.0";"    40.3";"     2.4";"    10.7";"     7.0";"    3092";"     182";"     819";"     535";"      67"
"36";"T001047";"A046372";"2017JJ00";"    2322";"    13.8";"    3684";"     0.2";"     1.6";"    24.0";"     1.4";"    10.3";"     6.5";"    20.4";"     1.2";"     8.8";"     5.5";"    2028";"     120";"     873";"     550";"      84"
"37";"T001047";"A046372";"2018JJ00";"    2456";"    14.5";"    3904";"     0.2";"     1.6";"    26.3";"     1.6";"    10.7";"     6.7";"    22.4";"     1.3";"     9.1";"     5.7";"    2463";"     145";"    1003";"     631";"      94"
"38";"T001047";"A047372";"2017JJ00";"    1681";"    10.0";"    5232";"     0.3";"     3.1";"    52.5";"     3.1";"    31.2";"    10.0";"    47.2";"     2.8";"    28.1";"     9.0";"     895";"      53";"     532";"     171";"      17"
"39";"T001047";"A047372";"2018JJ00";"    1709";"    10.1";"    4916";"     0.3";"     2.9";"    52.8";"     3.1";"    30.9";"    10.7";"    47.8";"     2.8";"    28.0";"     9.7";"     923";"      54";"     540";"     188";"      18"
"40";"T001047";"A046378";"2017JJ00";"    4644";"    27.6";"    7134";"     0.4";"     1.5";"    62.4";"     3.7";"    13.4";"     8.8";"    55.3";"     3.3";"    11.9";"     7.8";"    3455";"     205";"     744";"     484";"      55"
"41";"T001047";"A046378";"2018JJ00";"    4271";"    25.2";"    6487";"     0.4";"     1.5";"    57.5";"     3.4";"    13.5";"     8.9";"    51.0";"     3.0";"    11.9";"     7.9";"    3275";"     193";"     767";"     505";"      57"
"42";"T001047";"A046384";"2017JJ00";"    3922";"    23.3";"    4841";"     0.3";"     1.2";"    57.8";"     3.4";"    14.7";"    11.9";"    52.9";"     3.1";"    13.5";"    10.9";"    3748";"     223";"     956";"     774";"      65"
"43";"T001047";"A046384";"2018JJ00";"    3914";"    23.1";"    4924";"     0.3";"     1.3";"    57.4";"     3.4";"    14.7";"    11.7";"    52.5";"     3.1";"    13.4";"    10.7";"    3897";"     230";"     996";"     791";"      68"
"44";"T001047";"A046385";"2017JJ00";"    3438";"    20.4";"    5112";"     0.3";"     1.5";"    27.5";"     1.6";"     8.0";"     5.4";"    22.4";"     1.3";"     6.5";"     4.4";"    2447";"     145";"     712";"     479";"      89"
"45";"T001047";"A046385";"2018JJ00";"    3449";"    20.3";"    4975";"     0.3";"     1.4";"    27.6";"     1.6";"     8.0";"     5.6";"    22.7";"     1.3";"     6.6";"     4.6";"    2519";"     149";"     730";"     506";"      91"
"46";"T001047";"A046386";"2017JJ00";"    2015";"    12.0";"    2577";"     0.2";"     1.3";"    27.7";"     1.6";"    13.7";"    10.7";"    25.1";"     1.5";"    12.5";"     9.7";"    1487";"      88";"     738";"     577";"      54"
"47";"T001047";"A046386";"2018JJ00";"    1946";"    11.5";"    2479";"     0.1";"     1.3";"    25.5";"     1.5";"    13.1";"    10.3";"    23.0";"     1.4";"    11.8";"     9.3";"    1355";"      80";"     696";"     546";"      53"
"48";"T001047";"A046387";"2017JJ00";"    1865";"    11.1";"    2332";"     0.1";"     1.3";"    16.9";"     1.0";"     9.1";"     7.2";"    14.6";"     0.9";"     7.8";"     6.2";"    1269";"      75";"     681";"     544";"      75"
"49";"T001047";"A046387";"2018JJ00";"    1943";"    11.5";"    2470";"     0.1";"     1.3";"    16.6";"     1.0";"     8.6";"     6.7";"    14.1";"     0.8";"     7.3";"     5.7";"    1248";"      74";"     643";"     505";"      75"
"50";"T001047";"A046388";"2017JJ00";"    1463";"     8.7";"    1742";"     0.1";"     1.2";"     8.1";"     0.5";"     5.5";"     4.6";"     6.3";"     0.4";"     4.3";"     3.6";"     507";"      30";"     347";"     291";"      63"
"51";"T001047";"A046388";"2018JJ00";"    1360";"     8.0";"    1596";"     0.1";"     1.2";"     9.0";"     0.5";"     6.6";"     5.6";"     7.4";"     0.4";"     5.4";"     4.6";"     582";"      34";"     428";"     365";"      65"
"52";"T001047";"A046389";"2017JJ00";"    1495";"     8.9";"    1683";"     0.1";"     1.1";"    30.2";"     1.8";"    20.2";"    18.0";"    28.6";"     1.7";"    19.1";"    17.0";"    3005";"     178";"    2010";"    1786";"      99"
"53";"T001047";"A046389";"2018JJ00";"    1618";"     9.5";"    1803";"     0.1";"     1.1";"    32.6";"     1.9";"    20.2";"    18.1";"    30.8";"     1.8";"    19.0";"    17.1";"    3130";"     185";"    1934";"    1736";"      96"
"54";"T001047";"A046390";"2017JJ00";"    4544";"    27.0";"    6363";"     0.4";"     1.4";"    47.2";"     2.8";"    10.4";"     7.4";"    40.8";"     2.4";"     9.0";"     6.4";"    2028";"     120";"     446";"     319";"      43"
"55";"T001047";"A046390";"2018JJ00";"    3610";"    21.3";"    5008";"     0.3";"     1.4";"    35.6";"     2.1";"     9.9";"     7.1";"    30.6";"     1.8";"     8.5";"     6.1";"    1707";"     101";"     473";"     341";"      48"
"56";"T001047";"A046391";"2017JJ00";"    3331";"    19.8";"    4237";"     0.3";"     1.3";"    34.7";"     2.1";"    10.4";"     8.2";"    30.4";"     1.8";"     9.1";"     7.2";"    1795";"     107";"     539";"     424";"      52"
"57";"T001047";"A046391";"2018JJ00";"    4445";"    26.2";"    6197";"     0.4";"     1.4";"    52.4";"     3.1";"    11.8";"     8.5";"    46.2";"     2.7";"    10.4";"     7.5";"    2702";"     159";"     608";"     436";"      52"
"58";"T001047";"A046393";"2017JJ00";"    7552";"    44.8";"   15499";"     0.9";"     2.1";"    48.1";"     2.9";"     6.4";"     3.1";"    32.6";"     1.9";"     4.3";"     2.1";"    2812";"     167";"     372";"     181";"      58"
"59";"T001047";"A046393";"2018JJ00";"    7511";"    44.3";"   14839";"     0.9";"     2.0";"    46.1";"     2.7";"     6.1";"     3.1";"    31.3";"     1.8";"     4.2";"     2.1";"    3039";"     179";"     405";"     205";"      66"
"60";"T001047";"A046394";"2017JJ00";"   12922";"    76.7";"   25754";"     1.5";"     2.0";"   316.8";"    18.8";"    24.5";"    12.3";"   291.1";"    17.3";"    22.5";"    11.3";"   17825";"    1058";"    1379";"     692";"      56"
"61";"T001047";"A046394";"2018JJ00";"   12961";"    76.5";"   26015";"     1.5";"     2.0";"   320.8";"    18.9";"    24.7";"    12.3";"   294.8";"    17.4";"    22.7";"    11.3";"   18299";"    1080";"    1412";"     703";"      57"
"62";"T001047";"A046395";"2017JJ00";"    8093";"    48.1";"   12552";"     0.7";"     1.6";"    82.7";"     4.9";"    10.2";"     6.6";"    70.1";"     4.2";"     8.7";"     5.6";"    5040";"     299";"     623";"     402";"      61"
"63";"T001047";"A046395";"2018JJ00";"    8262";"    48.7";"   12657";"     0.7";"     1.5";"    83.6";"     4.9";"    10.1";"     6.6";"    71.0";"     4.2";"     8.6";"     5.6";"    5291";"     312";"     640";"     418";"      63"
"64";"T001047";"A046396";"2017JJ00";"    6001";"    35.6";"    7505";"     0.4";"     1.3";"    89.4";"     5.3";"    14.9";"    11.9";"    81.9";"     4.9";"    13.7";"    10.9";"    5842";"     347";"     974";"     778";"      65"
"65";"T001047";"A046396";"2018JJ00";"    6025";"    35.5";"    7625";"     0.4";"     1.3";"    90.3";"     5.3";"    15.0";"    11.8";"    82.6";"     4.9";"    13.7";"    10.8";"    5925";"     350";"     983";"     777";"      66"
"66";"T001047";"A046397";"2017JJ00";"    4897";"    29.1";"    5697";"     0.3";"     1.2";"   144.7";"     8.6";"    29.5";"    25.4";"   139.0";"     8.3";"    28.4";"    24.4";"    6942";"     412";"    1418";"    1219";"      48"
"67";"T001047";"A046397";"2018JJ00";"    4859";"    28.7";"    5732";"     0.3";"     1.2";"   146.9";"     8.7";"    30.2";"    25.6";"   141.1";"     8.3";"    29.0";"    24.6";"    7084";"     418";"    1458";"    1236";"      48"
"68";"T001047";"A047150";"2017JJ00";"   11152";"    66.2";"   26920";"     1.6";"     2.4";"   208.9";"    12.4";"    18.7";"     7.8";"   181.9";"    10.8";"    16.3";"     6.8";"    7795";"     463";"     699";"     290";"      37"
"69";"T001047";"A047150";"2018JJ00";"   11210";"    66.1";"   26390";"     1.6";"     2.4";"   209.3";"    12.3";"    18.7";"     7.9";"   182.9";"    10.8";"    16.3";"     6.9";"    8085";"     477";"     721";"     306";"      39"
"70";"T001047";"A047151";"2017JJ00";"    6351";"    37.7";"   10114";"     0.6";"     1.6";"   125.5";"     7.5";"    19.8";"    12.4";"   115.4";"     6.9";"    18.2";"    11.4";"   11203";"     665";"    1764";"    1108";"      89"
"71";"T001047";"A047151";"2018JJ00";"    6490";"    38.3";"   10322";"     0.6";"     1.6";"   127.5";"     7.5";"    19.6";"    12.4";"   117.2";"     6.9";"    18.1";"    11.4";"   11455";"     676";"    1765";"    1110";"      90"
"72";"T001047";"A018981";"2017JJ00";"    1223";"     7.3";"    1742";"     0.1";"     1.4";"     8.8";"     0.5";"     7.2";"     5.1";"     7.1";"     0.4";"     5.8";"     4.1";"     558";"      33";"     457";"     320";"      63"
"73";"T001047";"A018981";"2018JJ00";"    1221";"     7.2";"    1705";"     0.1";"     1.4";"     9.0";"     0.5";"     7.4";"     5.3";"     7.3";"     0.4";"     6.0";"     4.3";"     632";"      37";"     518";"     371";"      70"
"74";"T001047";"A047152";"2017JJ00";"    1715";"    10.2";"    2476";"     0.1";"     1.4";"    21.7";"     1.3";"    12.7";"     8.8";"    19.2";"     1.1";"    11.2";"     7.8";"    1080";"      64";"     630";"     436";"      50"
"75";"T001047";"A047152";"2018JJ00";"    1598";"     9.4";"    2436";"     0.1";"     1.5";"    21.1";"     1.2";"    13.2";"     8.7";"    18.7";"     1.1";"    11.7";"     7.7";"    1166";"      69";"     730";"     479";"      55"
"76";"L008691";"T001460";"2017JJ00";"    8786";"    52.2";"   19168";"     1.1";"     2.2";"   118.3";"     7.0";"    13.5";"     6.2";"    99.2";"     5.9";"    11.3";"     5.2";"    3486";"     207";"     397";"     182";"      29"
"77";"L008691";"T001460";"2018JJ00";"    8855";"    52.2";"   18738";"     1.1";"     2.1";"   120.7";"     7.1";"    13.6";"     6.4";"   102.0";"     6.0";"    11.5";"     5.4";"    3902";"     230";"     441";"     208";"      32"
"78";"L008691";"A046359";"2017JJ00";"    3330";"    19.8";"    5077";"     0.3";"     1.5";"    17.0";"     1.0";"     5.1";"     3.3";"    11.9";"     0.7";"     3.6";"     2.3";"    1047";"      62";"     314";"     206";"      62"
"79";"L008691";"A046359";"2018JJ00";"    3217";"    19.0";"    4889";"     0.3";"     1.5";"    17.4";"     1.0";"     5.4";"     3.6";"    12.5";"     0.7";"     3.9";"     2.6";"    1205";"      71";"     375";"     247";"      69"
"80";"L008691";"A046360";"2017JJ00";"    4462";"    26.5";"    8035";"     0.5";"     1.8";"    54.7";"     3.2";"    12.3";"     6.8";"    46.6";"     2.8";"    10.5";"     5.8";"    1416";"      84";"     317";"     176";"      26"
"81";"L008691";"A046360";"2018JJ00";"    4477";"    26.4";"    7882";"     0.5";"     1.8";"    55.0";"     3.2";"    12.3";"     7.0";"    47.1";"     2.8";"    10.5";"     6.0";"    1563";"      92";"     349";"     198";"      28"
"82";"L008691";"A046361";"2017JJ00";"     260";"     1.5";"     269";"     0.0";"     1.0";"     1.5";"     0.1";"     5.9";"     5.7";"     1.3";"     0.1";"     4.9";"     4.7";"      75";"       4";"     287";"     278";"      49"
"83";"L008691";"A046361";"2018JJ00";"     273";"     1.6";"     290";"     0.0";"     1.1";"     1.8";"     0.1";"     6.8";"     6.3";"     1.6";"     0.1";"     5.7";"     5.3";"     101";"       6";"     370";"     347";"      55"
"84";"L008691";"A046362";"2017JJ00";"    1694";"    10.1";"    2900";"     0.2";"     1.7";"    27.4";"     1.6";"    16.2";"     9.5";"    24.5";"     1.5";"    14.5";"     8.5";"     487";"      29";"     288";"     168";"      18"
"85";"L008691";"A046362";"2018JJ00";"    1756";"    10.4";"    2882";"     0.2";"     1.6";"    30.4";"     1.8";"    17.3";"    10.6";"    27.5";"     1.6";"    15.7";"     9.6";"     546";"      32";"     311";"     189";"      18"
"86";"L008691";"A046363";"2017JJ00";"    1489";"     8.8";"    2001";"     0.1";"     1.3";"    11.7";"     0.7";"     7.9";"     5.9";"     9.7";"     0.6";"     6.5";"     4.9";"     324";"      19";"     218";"     162";"      28"
"87";"L008691";"A046363";"2018JJ00";"    1500";"     8.9";"    1988";"     0.1";"     1.3";"    11.6";"     0.7";"     7.7";"     5.8";"     9.6";"     0.6";"     6.4";"     4.8";"     366";"      22";"     244";"     184";"      32"
"88";"L008691";"A046366";"2017JJ00";"     527";"     3.1";"     886";"     0.1";"     1.7";"     6.0";"     0.4";"    11.4";"     6.7";"     5.1";"     0.3";"     9.7";"     5.7";"     137";"       8";"     260";"     155";"      23"
"89";"L008691";"A046366";"2018JJ00";"     494";"     2.9";"     806";"     0.0";"     1.6";"     4.5";"     0.3";"     9.1";"     5.6";"     3.7";"     0.2";"     7.5";"     4.6";"     121";"       7";"     244";"     150";"      27"
"90";"L008691";"A046406";"2017JJ00";"    1177";"     7.0";"    3943";"     0.2";"     3.3";"    33.1";"     2.0";"    28.1";"     8.4";"    29.1";"     1.7";"    24.7";"     7.4";"     369";"      22";"     313";"      94";"      11"
"91";"L008691";"A046406";"2018JJ00";"    1181";"     7.0";"    3715";"     0.2";"     3.1";"    34.9";"     2.1";"    29.5";"     9.4";"    31.1";"     1.8";"    26.4";"     8.4";"     396";"      23";"     335";"     107";"      11"
"92";"L008691";"A046399";"2017JJ00";"     390";"     2.3";"     452";"     0.0";"     1.2";"     2.4";"     0.1";"     6.3";"     5.4";"     2.0";"     0.1";"     5.1";"     4.4";"     136";"       8";"     350";"     302";"      56"
"93";"L008691";"A046399";"2018JJ00";"     389";"     2.3";"     472";"     0.0";"     1.2";"     2.3";"     0.1";"     6.0";"     4.9";"     1.9";"     0.1";"     4.8";"     3.9";"     174";"      10";"     449";"     370";"      75"
"94";"L008691";"A046400";"2017JJ00";"       .";"       .";"       .";"       .";"       .";"       .";"       .";"       .";"       .";"       .";"       .";"       .";"       .";"       .";"       .";"       .";"       .";"       ."
"95";"L008691";"A046400";"2018JJ00";"       .";"       .";"       .";"       .";"       .";"       .";"       .";"       .";"       .";"       .";"       .";"       .";"       .";"       .";"       .";"       .";"       .";"       ."
"96";"L008691";"A046401";"2017JJ00";"     247";"     1.5";"     297";"     0.0";"     1.2";"     1.6";"     0.1";"     6.4";"     5.3";"     1.3";"     0.1";"     5.2";"     4.3";"      74";"       4";"     299";"     248";"      47"
"97";"L008691";"A046401";"2018JJ00";"     301";"     1.8";"     346";"     0.0";"     1.1";"     1.8";"     0.1";"     6.1";"     5.3";"     1.5";"     0.1";"     4.9";"     4.3";"     122";"       7";"     405";"     352";"      67"
"98";"L008691";"A046402";"2017JJ00";"    6224";"    37.0";"   10218";"     0.6";"     1.6";"    54.8";"     3.3";"     8.8";"     5.4";"    44.6";"     2.6";"     7.2";"     4.4";"    2190";"     130";"     352";"     214";"      40"
"99";"L008691";"A046402";"2018JJ00";"    6761";"    39.9";"   11263";"     0.7";"     1.7";"    63.5";"     3.7";"     9.4";"     5.6";"    52.3";"     3.1";"     7.7";"     4.6";"    2714";"     160";"     401";"     241";"      43"
"100";"L008691";"A046403";"2017JJ00";"       .";"       .";"       .";"       .";"       .";"       .";"       .";"       .";"       .";"       .";"       .";"       .";"       .";"       .";"       .";"       .";"       .";"       ."
"101";"L008691";"A046403";"2018JJ00";"       .";"       .";"       .";"       .";"       .";"       .";"       .";"       .";"       .";"       .";"       .";"       .";"       .";"       .";"       .";"       .";"       .";"       ."
"102";"L008691";"A046404";"2017JJ00";"    3132";"    18.6";"    4440";"     0.3";"     1.4";"    27.4";"     1.6";"     8.7";"     6.2";"    23.0";"     1.4";"     7.3";"     5.2";"     765";"      45";"     244";"     172";"      28"
"103";"L008691";"A046404";"2018JJ00";"    2286";"    13.5";"    3144";"     0.2";"     1.4";"    19.1";"     1.1";"     8.4";"     6.1";"    16.0";"     0.9";"     7.0";"     5.1";"     578";"      34";"     253";"     184";"      30"
"104";"L008691";"A046368";"2017JJ00";"     608";"     3.6";"    1001";"     0.1";"     1.6";"     5.3";"     0.3";"     8.8";"     5.3";"     4.3";"     0.3";"     7.1";"     4.3";"     173";"      10";"     284";"     173";"      32"
"105";"L008691";"A046368";"2018JJ00";"     626";"     3.7";"    1276";"     0.1";"     2.0";"     6.9";"     0.4";"    11.1";"     5.4";"     5.7";"     0.3";"     9.1";"     4.4";"     265";"      16";"     424";"     208";"      38"
"106";"L008691";"A046369";"2017JJ00";"    3613";"    21.5";"    7451";"     0.4";"     2.1";"    51.2";"     3.0";"    14.2";"     6.9";"    43.7";"     2.6";"    12.1";"     5.9";"    1511";"      90";"     418";"     203";"      30"
"107";"L008691";"A046369";"2018JJ00";"    3339";"    19.7";"    6674";"     0.4";"     2.0";"    46.9";"     2.8";"    14.1";"     7.0";"    40.3";"     2.4";"    12.1";"     6.0";"    1558";"      92";"     467";"     233";"      33"
"108";"L008691";"A046370";"2017JJ00";"    3903";"    23.2";"    7132";"     0.4";"     1.8";"    44.3";"     2.6";"    11.3";"     6.2";"    37.1";"     2.2";"     9.5";"     5.2";"    1111";"      66";"     285";"     156";"      25"
"109";"L008691";"A046370";"2018JJ00";"    4004";"    23.6";"    7137";"     0.4";"     1.8";"    48.1";"     2.8";"    12.0";"     6.7";"    41.0";"     2.4";"    10.2";"     5.7";"    1225";"      72";"     306";"     172";"      25"
"110";"L008691";"A046371";"2017JJ00";"    1649";"     9.8";"    2287";"     0.1";"     1.4";"    12.2";"     0.7";"     7.4";"     5.3";"     9.9";"     0.6";"     6.0";"     4.3";"     454";"      27";"     275";"     199";"      37"
"111";"L008691";"A046371";"2018JJ00";"    1701";"    10.0";"    2315";"     0.1";"     1.4";"    12.9";"     0.8";"     7.6";"     5.6";"    10.6";"     0.6";"     6.2";"     4.6";"     503";"      30";"     296";"     217";"      39"
"112";"L008691";"A046372";"2017JJ00";"     941";"     5.6";"    1296";"     0.1";"     1.4";"     5.4";"     0.3";"     5.7";"     4.2";"     4.1";"     0.2";"     4.4";"     3.2";"     237";"      14";"     252";"     183";"      44"
"113";"L008691";"A046372";"2018JJ00";"    1012";"     6.0";"    1336";"     0.1";"     1.3";"     5.8";"     0.3";"     5.7";"     4.3";"     4.4";"     0.3";"     4.4";"     3.3";"     351";"      21";"     346";"     263";"      61"
"114";"L008691";"A047372";"2017JJ00";"    1177";"     7.0";"    3943";"     0.2";"     3.3";"    33.1";"     2.0";"    28.1";"     8.4";"    29.1";"     1.7";"    24.7";"     7.4";"     369";"      22";"     313";"      94";"      11"
"115";"L008691";"A047372";"2018JJ00";"    1181";"     7.0";"    3715";"     0.2";"     3.1";"    34.9";"     2.1";"    29.5";"     9.4";"    31.1";"     1.8";"    26.4";"     8.4";"     396";"      23";"     335";"     107";"      11"
"116";"L008691";"A046378";"2017JJ00";"    2396";"    14.2";"    3332";"     0.2";"     1.4";"    22.3";"     1.3";"     9.3";"     6.7";"    18.9";"     1.1";"     7.9";"     5.7";"     786";"      47";"     328";"     236";"      35"
"117";"L008691";"A046378";"2018JJ00";"    2128";"    12.6";"    2917";"     0.2";"     1.4";"    18.8";"     1.1";"     8.8";"     6.4";"    15.9";"     0.9";"     7.5";"     5.4";"     762";"      45";"     358";"     261";"      41"
"118";"L008691";"A046384";"2017JJ00";"     904";"     5.4";"    1047";"     0.1";"     1.2";"     7.8";"     0.5";"     8.6";"     7.4";"     6.7";"     0.4";"     7.4";"     6.4";"     252";"      15";"     279";"     240";"      32"
"119";"L008691";"A046384";"2018JJ00";"    1043";"     6.2";"    1191";"     0.1";"     1.1";"     8.2";"     0.5";"     7.9";"     6.9";"     7.0";"     0.4";"     6.7";"     5.9";"     325";"      19";"     312";"     273";"      40"
"120";"L008691";"A046385";"2017JJ00";"    1086";"     6.5";"    1346";"     0.1";"     1.2";"     5.0";"     0.3";"     4.6";"     3.7";"     3.6";"     0.2";"     3.3";"     2.7";"     259";"      15";"     239";"     193";"      52"
"121";"L008691";"A046385";"2018JJ00";"     997";"     5.9";"    1196";"     0.1";"     1.2";"     4.6";"     0.3";"     4.6";"     3.8";"     3.4";"     0.2";"     3.4";"     2.8";"     271";"      16";"     272";"     227";"      59"
"122";"L008691";"A046386";"2017JJ00";"    1029";"     6.1";"    1267";"     0.1";"     1.2";"     9.5";"     0.6";"     9.2";"     7.5";"     8.2";"     0.5";"     8.0";"     6.5";"     307";"      18";"     298";"     243";"      32"
"123";"L008691";"A046386";"2018JJ00";"    1039";"     6.1";"    1282";"     0.1";"     1.2";"     9.7";"     0.6";"     9.4";"     7.6";"     8.4";"     0.5";"     8.1";"     6.6";"     340";"      20";"     327";"     265";"      35"
"124";"L008691";"A046387";"2017JJ00";"     741";"     4.4";"     883";"     0.1";"     1.2";"     3.5";"     0.2";"     4.7";"     4.0";"     2.6";"     0.2";"     3.6";"     3.0";"     188";"      11";"     254";"     213";"      53"
"125";"L008691";"A046387";"2018JJ00";"     831";"     4.9";"    1015";"     0.1";"     1.2";"     3.8";"     0.2";"     4.6";"     3.8";"     2.8";"     0.2";"     3.4";"     2.8";"     242";"      14";"     292";"     239";"      63"
"126";"L008691";"A046388";"2017JJ00";"     991";"     5.9";"    1144";"     0.1";"     1.2";"     4.5";"     0.3";"     4.5";"     3.9";"     3.3";"     0.2";"     3.3";"     2.9";"     232";"      14";"     234";"     203";"      52"
"127";"L008691";"A046388";"2018JJ00";"     819";"     4.8";"     910";"     0.1";"     1.1";"     3.6";"     0.2";"     4.4";"     4.0";"     2.7";"     0.2";"     3.3";"     3.0";"     201";"      12";"     246";"     221";"      56"
"128";"L008691";"A046389";"2017JJ00";"       .";"       .";"       .";"       .";"       .";"       .";"       .";"       .";"       .";"       .";"       .";"       .";"       .";"       .";"       .";"       .";"       .";"       ."
"129";"L008691";"A046389";"2018JJ00";"       .";"       .";"       .";"       .";"       .";"       .";"       .";"       .";"       .";"       .";"       .";"       .";"       .";"       .";"       .";"       .";"       .";"       ."
"130";"L008691";"A046390";"2017JJ00";"    2838";"    16.9";"    3646";"     0.2";"     1.3";"    17.4";"     1.0";"     6.1";"     4.8";"    13.8";"     0.8";"     4.9";"     3.8";"     564";"      33";"     199";"     155";"      32"
"131";"L008691";"A046390";"2018JJ00";"    2052";"    12.1";"    2730";"     0.2";"     1.3";"    12.1";"     0.7";"     5.9";"     4.4";"     9.4";"     0.6";"     4.6";"     3.4";"     448";"      26";"     218";"     164";"      37"
"132";"L008691";"A046391";"2017JJ00";"    1978";"    11.7";"    2471";"     0.1";"     1.2";"    14.7";"     0.9";"     7.4";"     5.9";"    12.2";"     0.7";"     6.2";"     4.9";"     488";"      29";"     246";"     197";"      33"
"133";"L008691";"A046391";"2018JJ00";"    2853";"    16.8";"    3701";"     0.2";"     1.3";"    24.0";"     1.4";"     8.4";"     6.5";"    20.3";"     1.2";"     7.1";"     5.5";"     893";"      53";"     313";"     241";"      37"
"134";"L008691";"A046393";"2017JJ00";"    5734";"    34.0";"   10913";"     0.6";"     1.9";"    32.8";"     1.9";"     5.7";"     3.0";"    21.9";"     1.3";"     3.8";"     2.0";"    1369";"      81";"     239";"     125";"      42"
"135";"L008691";"A046393";"2018JJ00";"    5596";"    33.0";"   10336";"     0.6";"     1.8";"    31.1";"     1.8";"     5.6";"     3.0";"    20.8";"     1.2";"     3.7";"     2.0";"    1584";"      93";"     283";"     153";"      51"
"136";"L008691";"A046394";"2017JJ00";"    5401";"    32.1";"    8255";"     0.5";"     1.5";"    85.5";"     5.1";"    15.8";"    10.4";"    77.3";"     4.6";"    14.3";"     9.4";"    2117";"     126";"     392";"     256";"      25"
"137";"L008691";"A046394";"2018JJ00";"    5423";"    32.0";"    8401";"     0.5";"     1.5";"    89.5";"     5.3";"    16.5";"    10.7";"    81.1";"     4.8";"    15.0";"     9.7";"    2318";"     137";"     427";"     276";"      26"
"138";"L008691";"A046395";"2017JJ00";"    4113";"    24.4";"    5657";"     0.3";"     1.4";"    36.0";"     2.1";"     8.7";"     6.4";"    30.3";"     1.8";"     7.4";"     5.4";"    1226";"      73";"     298";"     217";"      34"
"139";"L008691";"A046395";"2018JJ00";"    4223";"    24.9";"    5730";"     0.3";"     1.4";"    36.8";"     2.2";"     8.7";"     6.4";"    31.1";"     1.8";"     7.4";"     5.4";"    1368";"      81";"     324";"     239";"      37"
"140";"L008691";"A046396";"2017JJ00";"    1376";"     8.2";"    1608";"     0.1";"     1.2";"    19.2";"     1.1";"    14.0";"    11.9";"    17.6";"     1.0";"    12.8";"    10.9";"     484";"      29";"     352";"     301";"      25"
"141";"L008691";"A046396";"2018JJ00";"    1316";"     7.8";"    1598";"     0.1";"     1.2";"    19.2";"     1.1";"    14.6";"    12.0";"    17.6";"     1.0";"    13.4";"    11.0";"     499";"      29";"     379";"     312";"      26"
"142";"L008691";"A046397";"2017JJ00";"     870";"     5.2";"     990";"     0.1";"     1.1";"    30.3";"     1.8";"    34.9";"    30.6";"    29.4";"     1.7";"    33.7";"    29.6";"     407";"      24";"     468";"     411";"      13"
"143";"L008691";"A046397";"2018JJ00";"     930";"     5.5";"    1073";"     0.1";"     1.2";"    33.6";"     2.0";"    36.1";"    31.3";"    32.5";"     1.9";"    34.9";"    30.3";"     451";"      27";"     485";"     421";"      13"
"144";"L008691";"A047150";"2017JJ00";"    8093";"    48.1";"   16865";"     1.0";"     2.1";"   105.2";"     6.2";"    13.0";"     6.2";"    88.4";"     5.2";"    10.9";"     5.2";"    3054";"     181";"     377";"     181";"      29"
"145";"L008691";"A047150";"2018JJ00";"    8101";"    47.8";"   16518";"     1.0";"     2.0";"   108.1";"     6.4";"    13.3";"     6.5";"    91.6";"     5.4";"    11.3";"     5.5";"    3417";"     202";"     422";"     207";"      32"
"146";"L008691";"A047151";"2017JJ00";"       .";"       .";"       .";"       .";"       .";"       .";"       .";"       .";"       .";"       .";"       .";"       .";"       .";"       .";"       .";"       .";"       .";"       ."
"147";"L008691";"A047151";"2018JJ00";"       .";"       .";"       .";"       .";"       .";"       .";"       .";"       .";"       .";"       .";"       .";"       .";"       .";"       .";"       .";"       .";"       .";"       ."
"148";"L008691";"A018981";"2017JJ00";"     767";"     4.6";"    1112";"     0.1";"     1.4";"     5.0";"     0.3";"     6.5";"     4.5";"     3.9";"     0.2";"     5.0";"     3.5";"     215";"      13";"     280";"     193";"      43"
"149";"L008691";"A018981";"2018JJ00";"     761";"     4.5";"    1059";"     0.1";"     1.4";"     4.5";"     0.3";"     5.9";"     4.2";"     3.4";"     0.2";"     4.5";"     3.2";"     245";"      14";"     323";"     232";"      55"
"150";"L008691";"A047152";"2017JJ00";"     791";"     4.7";"    1175";"     0.1";"     1.5";"     8.0";"     0.5";"    10.1";"     6.8";"     6.8";"     0.4";"     8.6";"     5.8";"     206";"      12";"     261";"     176";"      26"
"151";"L008691";"A047152";"2018JJ00";"     739";"     4.4";"    1136";"     0.1";"     1.5";"     7.8";"     0.5";"    10.6";"     6.9";"     6.7";"     0.4";"     9.0";"     5.9";"     228";"      13";"     308";"     200";"      29"
"152";"L999996";"T001460";"2017JJ00";"   10991";"    65.3";"   22084";"     1.3";"     2.0";"   246.5";"    14.6";"    22.4";"    11.2";"   224.5";"    13.3";"    20.4";"    10.2";"   17151";"    1018";"    1560";"     777";"      70"
"153";"L999996";"T001460";"2018JJ00";"   10942";"    64.6";"   22116";"     1.3";"     2.0";"   246.2";"    14.5";"    22.5";"    11.1";"   224.1";"    13.2";"    20.5";"    10.1";"   17437";"    1029";"    1594";"     788";"      71"
"154";"L999996";"A046359";"2017JJ00";"    5936";"    35.2";"    9488";"     0.6";"     1.6";"    84.3";"     5.0";"    14.2";"     8.9";"    74.9";"     4.4";"    12.6";"     7.9";"    8852";"     526";"    1491";"     933";"     105"
"155";"L999996";"A046359";"2018JJ00";"    6059";"    35.7";"    9628";"     0.6";"     1.6";"    86.7";"     5.1";"    14.3";"     9.0";"    77.1";"     4.5";"    12.7";"     8.0";"    9095";"     537";"    1501";"     945";"     105"
"156";"L999996";"A046360";"2017JJ00";"    2733";"    16.2";"    3705";"     0.2";"     1.4";"    44.1";"     2.6";"    16.1";"    11.9";"    40.4";"     2.4";"    14.8";"    10.9";"    2139";"     127";"     783";"     577";"      48"
"157";"L999996";"A046360";"2018JJ00";"    2889";"    17.0";"    3814";"     0.2";"     1.3";"    44.6";"     2.6";"    15.4";"    11.7";"    40.7";"     2.4";"    14.1";"    10.7";"    2191";"     129";"     759";"     575";"      49"
"158";"L999996";"A046361";"2017JJ00";"    1794";"    10.7";"    2182";"     0.1";"     1.2";"    23.5";"     1.4";"    13.1";"    10.8";"    21.3";"     1.3";"    11.9";"     9.8";"    1687";"     100";"     940";"     773";"      72"
"159";"L999996";"A046361";"2018JJ00";"    1836";"    10.8";"    2138";"     0.1";"     1.2";"    23.1";"     1.4";"    12.6";"    10.8";"    21.0";"     1.2";"    11.4";"     9.8";"    1754";"     103";"     955";"     821";"      76"
"160";"L999996";"A046362";"2017JJ00";"    1925";"    11.4";"    2458";"     0.1";"     1.3";"    44.7";"     2.7";"    23.2";"    18.2";"    42.2";"     2.5";"    21.9";"    17.2";"    1684";"     100";"     875";"     685";"      38"
"161";"L999996";"A046362";"2018JJ00";"    1893";"    11.2";"    2344";"     0.1";"     1.2";"    44.3";"     2.6";"    23.4";"    18.9";"    41.9";"     2.5";"    22.2";"    17.9";"    1597";"      94";"     844";"     681";"      36"
"162";"L999996";"A046363";"2017JJ00";"    2793";"    16.6";"    3725";"     0.2";"     1.3";"    44.5";"     2.6";"    15.9";"    11.9";"    40.8";"     2.4";"    14.6";"    10.9";"    2173";"     129";"     778";"     583";"      49"
"163";"L999996";"A046363";"2018JJ00";"    2767";"    16.3";"    3689";"     0.2";"     1.3";"    41.7";"     2.5";"    15.1";"    11.3";"    38.0";"     2.2";"    13.7";"    10.3";"    2152";"     127";"     778";"     583";"      52"
"164";"L999996";"A046366";"2017JJ00";"     467";"     2.8";"     526";"     0.0";"     1.1";"     5.4";"     0.3";"    11.6";"    10.3";"     4.9";"     0.3";"    10.5";"     9.3";"     615";"      37";"    1318";"    1171";"     114"
"165";"L999996";"A046366";"2018JJ00";"     431";"     2.5";"     504";"     0.0";"     1.2";"     5.8";"     0.3";"    13.5";"    11.5";"     5.3";"     0.3";"    12.3";"    10.5";"     647";"      38";"    1503";"    1285";"     111"
"166";"L999996";"A046406";"2017JJ00";"     597";"     3.5";"    1290";"     0.1";"     2.2";"    19.4";"     1.2";"    32.5";"    15.0";"    18.1";"     1.1";"    30.3";"    14.0";"     526";"      31";"     881";"     408";"      27"
"167";"L999996";"A046406";"2018JJ00";"     632";"     3.7";"    1202";"     0.1";"     1.9";"    17.9";"     1.1";"    28.4";"    14.9";"    16.7";"     1.0";"    26.4";"    13.9";"     528";"      31";"     835";"     439";"      29"
"168";"L999996";"A046399";"2017JJ00";"    5805";"    34.5";"    8985";"     0.5";"     1.5";"    93.3";"     5.5";"    16.1";"    10.4";"    84.3";"     5.0";"    14.5";"     9.4";"    9837";"     584";"    1695";"    1095";"     105"
"169";"L999996";"A046399";"2018JJ00";"    6065";"    35.8";"    9350";"     0.6";"     1.5";"    98.8";"     5.8";"    16.3";"    10.6";"    89.4";"     5.3";"    14.7";"     9.6";"   10407";"     614";"    1716";"    1113";"     105"
"170";"L999996";"A046400";"2017JJ00";"    3762";"    22.3";"    4787";"     0.3";"     1.3";"    52.2";"     3.1";"    13.9";"    10.9";"    47.4";"     2.8";"    12.6";"     9.9";"    5671";"     337";"    1507";"    1185";"     109"
"171";"L999996";"A046400";"2018JJ00";"    3840";"    22.7";"    4996";"     0.3";"     1.3";"    53.0";"     3.1";"    13.8";"    10.6";"    48.0";"     2.8";"    12.5";"     9.6";"    5932";"     350";"    1545";"    1187";"     112"
"172";"L999996";"A046401";"2017JJ00";"    2892";"    17.2";"    4197";"     0.2";"     1.5";"    41.1";"     2.4";"    14.2";"     9.8";"    36.9";"     2.2";"    12.8";"     8.8";"    4166";"     247";"    1441";"     992";"     101"
"173";"L999996";"A046401";"2018JJ00";"    3066";"    18.1";"    4354";"     0.3";"     1.4";"    45.7";"     2.7";"    14.9";"    10.5";"    41.4";"     2.4";"    13.5";"     9.5";"    4475";"     264";"    1460";"    1028";"      98"
"174";"L999996";"A046402";"2017JJ00";"    5162";"    30.7";"    7130";"     0.4";"     1.4";"    69.3";"     4.1";"    13.4";"     9.7";"    62.2";"     3.7";"    12.0";"     8.7";"    3708";"     220";"     718";"     520";"      54"
"175";"L999996";"A046402";"2018JJ00";"    5431";"    32.0";"    7607";"     0.4";"     1.4";"    74.7";"     4.4";"    13.8";"     9.8";"    67.1";"     4.0";"    12.4";"     8.8";"    3996";"     236";"     736";"     525";"      53"
"176";"L999996";"A046403";"2017JJ00";"    1574";"     9.3";"    1979";"     0.1";"     1.3";"    29.6";"     1.8";"    18.8";"    15.0";"    27.6";"     1.6";"    17.6";"    14.0";"    1789";"     106";"    1137";"     904";"      60"
"177";"L999996";"A046403";"2018JJ00";"    1389";"     8.2";"    1725";"     0.1";"     1.2";"    24.5";"     1.4";"    17.6";"    14.2";"    22.7";"     1.3";"    16.4";"    13.2";"    1535";"      91";"    1105";"     890";"      63"
"178";"L999996";"A046404";"2017JJ00";"    2120";"    12.6";"    2700";"     0.2";"     1.3";"    35.0";"     2.1";"    16.5";"    12.9";"    32.3";"     1.9";"    15.2";"    11.9";"    1291";"      77";"     609";"     478";"      37"
"179";"L999996";"A046404";"2018JJ00";"    1806";"    10.7";"    2232";"     0.1";"     1.2";"    30.4";"     1.8";"    16.8";"    13.6";"    28.2";"     1.7";"    15.6";"    12.6";"     972";"      57";"     538";"     436";"      32"
"180";"L999996";"A046368";"2017JJ00";"     877";"     5.2";"    1296";"     0.1";"     1.5";"    15.0";"     0.9";"    17.1";"    11.6";"    13.7";"     0.8";"    15.6";"    10.6";"    1287";"      76";"    1467";"     993";"      86"
"181";"L999996";"A046368";"2018JJ00";"    1055";"     6.2";"    1598";"     0.1";"     1.5";"    18.3";"     1.1";"    17.4";"    11.5";"    16.7";"     1.0";"    15.9";"    10.5";"    1727";"     102";"    1638";"    1081";"      94"
"182";"L999996";"A046369";"2017JJ00";"    4342";"    25.8";"    7924";"     0.5";"     1.8";"    98.3";"     5.8";"    22.6";"    12.4";"    90.4";"     5.4";"    20.8";"    11.4";"    7304";"     434";"    1682";"     922";"      74"
"183";"L999996";"A046369";"2018JJ00";"    4136";"    24.4";"    7224";"     0.4";"     1.7";"    90.2";"     5.3";"    21.8";"    12.5";"    83.0";"     4.9";"    20.1";"    11.5";"    6574";"     388";"    1590";"     910";"      73"
"184";"L999996";"A046370";"2017JJ00";"    4487";"    26.6";"    7108";"     0.4";"     1.6";"    82.1";"     4.9";"    18.3";"    11.5";"    75.0";"     4.5";"    16.7";"    10.5";"    4148";"     246";"     924";"     584";"      51"
"185";"L999996";"A046370";"2018JJ00";"    4420";"    26.1";"    7256";"     0.4";"     1.6";"    83.9";"     5.0";"    19.0";"    11.6";"    76.7";"     4.5";"    17.4";"    10.6";"    4434";"     262";"    1003";"     611";"      53"
"186";"L999996";"A046371";"2017JJ00";"    2531";"    15.0";"    3369";"     0.2";"     1.3";"    32.6";"     1.9";"    12.9";"     9.7";"    29.2";"     1.7";"    11.5";"     8.7";"    2622";"     156";"    1036";"     778";"      81"
"187";"L999996";"A046371";"2018JJ00";"    2627";"    15.5";"    3469";"     0.2";"     1.3";"    33.2";"     2.0";"    12.6";"     9.6";"    29.7";"     1.8";"    11.3";"     8.6";"    2589";"     153";"     985";"     746";"      78"
"188";"L999996";"A046372";"2017JJ00";"    1736";"    10.3";"    2388";"     0.1";"     1.4";"    18.6";"     1.1";"    10.7";"     7.8";"    16.2";"     1.0";"     9.4";"     6.8";"    1791";"     106";"    1032";"     750";"      96"
"189";"L999996";"A046372";"2018JJ00";"    1814";"    10.7";"    2569";"     0.2";"     1.4";"    20.6";"     1.2";"    11.3";"     8.0";"    18.0";"     1.1";"     9.9";"     7.0";"    2112";"     125";"    1164";"     822";"     103"
"190";"L999996";"A047372";"2017JJ00";"     597";"     3.5";"    1290";"     0.1";"     2.2";"    19.4";"     1.2";"    32.5";"    15.0";"    18.1";"     1.1";"    30.3";"    14.0";"     526";"      31";"     881";"     408";"      27"
"191";"L999996";"A047372";"2018JJ00";"     632";"     3.7";"    1202";"     0.1";"     1.9";"    17.9";"     1.1";"    28.4";"    14.9";"    16.7";"     1.0";"    26.4";"    13.9";"     528";"      31";"     835";"     439";"      29"
"192";"L999996";"A046378";"2017JJ00";"    2934";"    17.4";"    3802";"     0.2";"     1.3";"    40.2";"     2.4";"    13.7";"    10.6";"    36.4";"     2.2";"    12.4";"     9.6";"    2670";"     159";"     910";"     702";"      66"
"193";"L999996";"A046378";"2018JJ00";"    2732";"    16.1";"    3570";"     0.2";"     1.3";"    38.7";"     2.3";"    14.2";"    10.8";"    35.1";"     2.1";"    12.9";"     9.8";"    2513";"     148";"     920";"     704";"      65"
"194";"L999996";"A046384";"2017JJ00";"    3197";"    19.0";"    3793";"     0.2";"     1.2";"    50.0";"     3.0";"    15.6";"    13.2";"    46.2";"     2.7";"    14.5";"    12.2";"    3496";"     208";"    1094";"     922";"      70"
"195";"L999996";"A046384";"2018JJ00";"    3110";"    18.3";"    3733";"     0.2";"     1.2";"    49.2";"     2.9";"    15.8";"    13.2";"    45.5";"     2.7";"    14.6";"    12.2";"    3572";"     211";"    1148";"     957";"      73"
"196";"L999996";"A046385";"2017JJ00";"    2721";"    16.2";"    3766";"     0.2";"     1.4";"    22.5";"     1.3";"     8.3";"     6.0";"    18.7";"     1.1";"     6.9";"     5.0";"    2188";"     130";"     804";"     581";"      97"
"197";"L999996";"A046385";"2018JJ00";"    2740";"    16.2";"    3780";"     0.2";"     1.4";"    23.0";"     1.4";"     8.4";"     6.1";"    19.3";"     1.1";"     7.0";"     5.1";"    2248";"     133";"     820";"     595";"      98"
"198";"L999996";"A046386";"2017JJ00";"    1148";"     6.8";"    1310";"     0.1";"     1.1";"    18.2";"     1.1";"    15.8";"    13.9";"    16.9";"     1.0";"    14.7";"    12.9";"    1180";"      70";"    1028";"     901";"      65"
"199";"L999996";"A046386";"2018JJ00";"    1052";"     6.2";"    1197";"     0.1";"     1.1";"    15.7";"     0.9";"    15.0";"    13.2";"    14.5";"     0.9";"    13.8";"    12.2";"    1015";"      60";"     964";"     847";"      64"
"200";"L999996";"A046387";"2017JJ00";"    1253";"     7.4";"    1450";"     0.1";"     1.2";"    13.4";"     0.8";"    10.7";"     9.2";"    11.9";"     0.7";"     9.5";"     8.2";"    1082";"      64";"     863";"     746";"      81"
"201";"L999996";"A046387";"2018JJ00";"    1245";"     7.3";"    1455";"     0.1";"     1.2";"    12.8";"     0.8";"    10.3";"     8.8";"    11.3";"     0.7";"     9.1";"     7.8";"    1006";"      59";"     808";"     692";"      79"
"202";"L999996";"A046388";"2017JJ00";"     540";"     3.2";"     599";"     0.0";"     1.1";"     3.6";"     0.2";"     6.7";"     6.0";"     3.0";"     0.2";"     5.6";"     5.0";"     275";"      16";"     509";"     459";"      76"
"203";"L999996";"A046388";"2018JJ00";"     584";"     3.4";"     686";"     0.0";"     1.2";"     5.4";"     0.3";"     9.2";"     7.8";"     4.7";"     0.3";"     8.0";"     6.8";"     381";"      22";"     652";"     555";"      71"
"204";"L999996";"A046389";"2017JJ00";"    1418";"     8.4";"    1591";"     0.1";"     1.1";"    29.5";"     1.8";"    20.8";"    18.6";"    27.9";"     1.7";"    19.7";"    17.6";"    2963";"     176";"    2090";"    1862";"     100"
"205";"L999996";"A046389";"2018JJ00";"    1554";"     9.2";"    1720";"     0.1";"     1.1";"    31.7";"     1.9";"    20.4";"    18.4";"    30.0";"     1.8";"    19.3";"    17.4";"    3107";"     183";"    1999";"    1806";"      98"
"206";"L999996";"A046390";"2017JJ00";"    2205";"    13.1";"    2717";"     0.2";"     1.2";"    29.7";"     1.8";"    13.5";"    10.9";"    27.0";"     1.6";"    12.2";"     9.9";"    1464";"      87";"     664";"     539";"      49"
"207";"L999996";"A046390";"2018JJ00";"    1845";"    10.9";"    2277";"     0.1";"     1.2";"    23.5";"     1.4";"    12.7";"    10.3";"    21.2";"     1.2";"    11.5";"     9.3";"    1259";"      74";"     682";"     553";"      54"
"208";"L999996";"A046391";"2017JJ00";"    1600";"     9.5";"    1766";"     0.1";"     1.1";"    20.0";"     1.2";"    12.5";"    11.3";"    18.3";"     1.1";"    11.4";"    10.3";"    1307";"      78";"     817";"     740";"      65"
"209";"L999996";"A046391";"2018JJ00";"    2134";"    12.6";"    2495";"     0.1";"     1.2";"    28.3";"     1.7";"    13.3";"    11.4";"    25.9";"     1.5";"    12.1";"    10.4";"    1809";"     107";"     847";"     725";"      64"
"210";"L999996";"A046393";"2017JJ00";"    3177";"    18.9";"    4586";"     0.3";"     1.4";"    15.3";"     0.9";"     4.8";"     3.3";"    10.7";"     0.6";"     3.4";"     2.3";"    1443";"      86";"     454";"     315";"      95"
"211";"L999996";"A046393";"2018JJ00";"    3225";"    19.0";"    4503";"     0.3";"     1.4";"    15.0";"     0.9";"     4.6";"     3.3";"    10.5";"     0.6";"     3.3";"     2.3";"    1455";"      86";"     451";"     323";"      97"
"212";"L999996";"A046394";"2017JJ00";"   10302";"    61.2";"   17498";"     1.0";"     1.7";"   231.3";"    13.7";"    22.5";"    13.2";"   213.8";"    12.7";"    20.8";"    12.2";"   15707";"     933";"    1525";"     898";"      68"
"213";"L999996";"A046394";"2018JJ00";"   10293";"    60.7";"   17614";"     1.0";"     1.7";"   231.2";"    13.6";"    22.5";"    13.1";"   213.6";"    12.6";"    20.8";"    12.1";"   15981";"     943";"    1553";"     907";"      69"
"214";"L999996";"A046395";"2017JJ00";"    5033";"    29.9";"    6894";"     0.4";"     1.4";"    46.7";"     2.8";"     9.3";"     6.8";"    39.8";"     2.4";"     7.9";"     5.8";"    3814";"     227";"     758";"     553";"      82"
"215";"L999996";"A046395";"2018JJ00";"    5155";"    30.4";"    6927";"     0.4";"     1.3";"    46.8";"     2.8";"     9.1";"     6.8";"    39.9";"     2.4";"     7.7";"     5.8";"    3923";"     231";"     761";"     566";"      84"
"216";"L999996";"A046396";"2017JJ00";"    4918";"    29.2";"    5897";"     0.4";"     1.2";"    70.2";"     4.2";"    14.3";"    11.9";"    64.3";"     3.8";"    13.1";"    10.9";"    5358";"     318";"    1090";"     909";"      76"
"217";"L999996";"A046396";"2018JJ00";"    4964";"    29.3";"    6027";"     0.4";"     1.2";"    71.1";"     4.2";"    14.3";"    11.8";"    65.1";"     3.8";"    13.1";"    10.8";"    5426";"     320";"    1093";"     900";"      76"
"218";"L999996";"A046397";"2017JJ00";"    4133";"    24.5";"    4707";"     0.3";"     1.1";"   114.4";"     6.8";"    27.7";"    24.3";"   109.7";"     6.5";"    26.5";"    23.3";"    6535";"     388";"    1581";"    1388";"      57"
"219";"L999996";"A046397";"2018JJ00";"    4046";"    23.9";"    4659";"     0.3";"     1.2";"   113.3";"     6.7";"    28.0";"    24.3";"   108.7";"     6.4";"    26.9";"    23.3";"    6632";"     391";"    1639";"    1424";"      59"
"220";"L999996";"A047150";"2017JJ00";"    6393";"    38.0";"   10055";"     0.6";"     1.6";"   103.6";"     6.2";"    16.2";"    10.3";"    93.6";"     5.6";"    14.6";"     9.3";"    4741";"     282";"     742";"     472";"      46"
"221";"L999996";"A047150";"2018JJ00";"    6435";"    38.0";"    9873";"     0.6";"     1.5";"   101.1";"     6.0";"    15.7";"    10.2";"    91.3";"     5.4";"    14.2";"     9.2";"    4669";"     275";"     725";"     473";"      46"
"222";"L999996";"A047151";"2017JJ00";"    6351";"    37.7";"   10098";"     0.6";"     1.6";"   125.4";"     7.4";"    19.7";"    12.4";"   115.3";"     6.8";"    18.1";"    11.4";"   11192";"     665";"    1762";"    1108";"      89"
"223";"L999996";"A047151";"2018JJ00";"    6490";"    38.3";"   10297";"     0.6";"     1.6";"   127.2";"     7.5";"    19.6";"    12.4";"   116.9";"     6.9";"    18.0";"    11.4";"   11443";"     675";"    1763";"    1111";"      90"
"224";"L999996";"A018981";"2017JJ00";"     533";"     3.2";"     630";"     0.0";"     1.2";"     3.9";"     0.2";"     7.2";"     6.1";"     3.2";"     0.2";"     6.0";"     5.1";"     344";"      20";"     645";"     545";"      89"
"225";"L999996";"A018981";"2018JJ00";"     544";"     3.2";"     646";"     0.0";"     1.2";"     4.5";"     0.3";"     8.3";"     7.0";"     3.9";"     0.2";"     7.1";"     6.0";"     387";"      23";"     711";"     599";"      85"
"226";"L999996";"A047152";"2017JJ00";"    1051";"     6.2";"    1301";"     0.1";"     1.2";"    13.7";"     0.8";"    13.1";"    10.5";"    12.4";"     0.7";"    11.8";"     9.5";"     874";"      52";"     832";"     672";"      64"
"227";"L999996";"A047152";"2018JJ00";"    1006";"     5.9";"    1300";"     0.1";"     1.3";"    13.3";"     0.8";"    13.2";"    10.2";"    12.0";"     0.7";"    12.0";"     9.2";"     938";"      55";"     933";"     722";"      70"
"228";"A045878";"T001460";"2017JJ00";"   12819";"    76.1";"   23550";"     1.4";"     1.8";"   237.2";"    14.1";"    18.5";"    10.1";"   213.7";"    12.7";"    16.7";"     9.1";"   12557";"     746";"     980";"     533";"      53"
"229";"A045878";"T001460";"2018JJ00";"   12946";"    76.4";"   23960";"     1.4";"     1.9";"   243.6";"    14.4";"    18.8";"    10.2";"   219.6";"    13.0";"    17.0";"     9.2";"   13311";"     785";"    1028";"     556";"      55"
"230";"A045878";"A046359";"2017JJ00";"    5200";"    30.9";"    7324";"     0.4";"     1.4";"    57.5";"     3.4";"    11.1";"     7.9";"    50.2";"     3.0";"     9.7";"     6.9";"    5558";"     330";"    1069";"     759";"      97"
"231";"A045878";"A046359";"2018JJ00";"    5594";"    33.0";"    7720";"     0.5";"     1.4";"    62.0";"     3.7";"    11.1";"     8.0";"    54.2";"     3.2";"     9.7";"     7.0";"    6090";"     359";"    1089";"     789";"      98"
"232";"A045878";"A046360";"2017JJ00";"    4479";"    26.6";"    6476";"     0.4";"     1.4";"    61.5";"     3.7";"    13.7";"     9.5";"    55.0";"     3.3";"    12.3";"     8.5";"    2260";"     134";"     505";"     349";"      37"
"233";"A045878";"A046360";"2018JJ00";"    4607";"    27.2";"    6595";"     0.4";"     1.4";"    65.5";"     3.9";"    14.2";"     9.9";"    58.9";"     3.5";"    12.8";"     8.9";"    2487";"     147";"     540";"     377";"      38"
"234";"A045878";"A046361";"2017JJ00";"    1203";"     7.1";"    1332";"     0.1";"     1.1";"    15.1";"     0.9";"    12.5";"    11.3";"    13.7";"     0.8";"    11.4";"    10.3";"    1021";"      61";"     849";"     767";"      68"
"235";"A045878";"A046361";"2018JJ00";"    1218";"     7.2";"    1313";"     0.1";"     1.1";"    14.0";"     0.8";"    11.5";"    10.7";"    12.7";"     0.7";"    10.4";"     9.7";"     990";"      58";"     813";"     753";"      71"
"236";"A045878";"A046362";"2017JJ00";"    2954";"    17.5";"    4556";"     0.3";"     1.5";"    62.2";"     3.7";"    21.1";"    13.7";"    57.6";"     3.4";"    19.5";"    12.7";"    1886";"     112";"     638";"     414";"      30"
"237";"A045878";"A046362";"2018JJ00";"    2965";"    17.5";"    4439";"     0.3";"     1.5";"    62.8";"     3.7";"    21.2";"    14.2";"    58.4";"     3.4";"    19.7";"    13.2";"    1824";"     108";"     615";"     411";"      29"
"238";"A045878";"A046363";"2017JJ00";"    2521";"    15.0";"    3025";"     0.2";"     1.2";"    33.4";"     2.0";"    13.3";"    11.0";"    30.4";"     1.8";"    12.1";"    10.0";"    1447";"      86";"     574";"     478";"      43"
"239";"A045878";"A046363";"2018JJ00";"    2604";"    15.4";"    3069";"     0.2";"     1.2";"    32.7";"     1.9";"    12.6";"    10.7";"    29.6";"     1.7";"    11.4";"     9.7";"    1534";"      91";"     589";"     500";"      47"
"240";"A045878";"A046366";"2017JJ00";"     624";"     3.7";"     837";"     0.0";"     1.3";"     7.5";"     0.4";"    12.0";"     9.0";"     6.7";"     0.4";"    10.7";"     8.0";"     386";"      23";"     619";"     461";"      51"
"241";"A045878";"A046366";"2018JJ00";"     577";"     3.4";"     824";"     0.0";"     1.4";"     6.5";"     0.4";"    11.3";"     7.9";"     5.7";"     0.3";"     9.9";"     6.9";"     386";"      23";"     668";"     469";"      59"
"242";"A045878";"A046406";"2017JJ00";"    1330";"     7.9";"    3125";"     0.2";"     2.3";"    34.1";"     2.0";"    25.6";"    10.9";"    30.9";"     1.8";"    23.3";"     9.9";"     587";"      35";"     441";"     188";"      17"
"243";"A045878";"A046406";"2018JJ00";"    1382";"     8.2";"    2939";"     0.2";"     2.1";"    35.0";"     2.1";"    25.3";"    11.9";"    32.1";"     1.9";"    23.2";"    10.9";"     603";"      36";"     436";"     205";"      17"
"244";"A045878";"A046399";"2017JJ00";"    4209";"    25.0";"    5154";"     0.3";"     1.2";"    56.0";"     3.3";"    13.3";"    10.9";"    50.8";"     3.0";"    12.1";"     9.9";"    5682";"     337";"    1350";"    1103";"     101"
"245";"A045878";"A046399";"2018JJ00";"    4617";"    27.2";"    5711";"     0.3";"     1.2";"    61.9";"     3.7";"    13.4";"    10.8";"    56.2";"     3.3";"    12.2";"     9.8";"    6322";"     373";"    1369";"    1107";"     102"
"246";"A045878";"A046400";"2017JJ00";"    2567";"    15.2";"    2853";"     0.2";"     1.1";"    32.1";"     1.9";"    12.5";"    11.3";"    29.3";"     1.7";"    11.4";"    10.3";"    3341";"     198";"    1302";"    1171";"     104"
"247";"A045878";"A046400";"2018JJ00";"    2763";"    16.3";"    3115";"     0.2";"     1.1";"    33.5";"     2.0";"    12.1";"    10.8";"    30.4";"     1.8";"    11.0";"     9.8";"    3711";"     219";"    1343";"    1191";"     111"
"248";"A045878";"A046401";"2017JJ00";"    1904";"    11.3";"    2300";"     0.1";"     1.2";"    23.9";"     1.4";"    12.5";"    10.4";"    21.6";"     1.3";"    11.3";"     9.4";"    2341";"     139";"    1230";"    1018";"      98"
"249";"A045878";"A046401";"2018JJ00";"    2199";"    13.0";"    2596";"     0.2";"     1.2";"    28.3";"     1.7";"    12.9";"    10.9";"    25.7";"     1.5";"    11.7";"     9.9";"    2611";"     154";"    1187";"    1006";"      92"
"250";"A045878";"A046402";"2017JJ00";"    7036";"    41.8";"   10022";"     0.6";"     1.4";"    87.8";"     5.2";"    12.5";"     8.8";"    77.8";"     4.6";"    11.1";"     7.8";"    3878";"     230";"     551";"     387";"      44"
"251";"A045878";"A046402";"2018JJ00";"    7669";"    45.2";"   11117";"     0.7";"     1.4";"    97.4";"     5.7";"    12.7";"     8.8";"    86.2";"     5.1";"    11.2";"     7.8";"    4398";"     259";"     574";"     396";"      45"
"252";"A045878";"A046403";"2017JJ00";"    1032";"     6.1";"    1132";"     0.1";"     1.1";"    16.8";"     1.0";"    16.3";"    14.8";"    15.6";"     0.9";"    15.2";"    13.8";"     993";"      59";"     963";"     878";"      59"
"253";"A045878";"A046403";"2018JJ00";"     932";"     5.5";"    1040";"     0.1";"     1.1";"    14.7";"     0.9";"    15.7";"    14.1";"    13.6";"     0.8";"    14.6";"    13.1";"     895";"      53";"     960";"     860";"      61"
"254";"A045878";"A046404";"2017JJ00";"    3229";"    19.2";"    4118";"     0.2";"     1.3";"    42.6";"     2.5";"    13.2";"    10.3";"    38.5";"     2.3";"    11.9";"     9.3";"    1417";"      84";"     439";"     344";"      33"
"255";"A045878";"A046404";"2018JJ00";"    2552";"    15.1";"    3152";"     0.2";"     1.2";"    34.6";"     2.0";"    13.6";"    11.0";"    31.5";"     1.9";"    12.3";"    10.0";"    1093";"      64";"     428";"     347";"      32"
"256";"A045878";"A046368";"2017JJ00";"     801";"     4.8";"    1123";"     0.1";"     1.4";"    10.0";"     0.6";"    12.5";"     8.9";"     8.9";"     0.5";"    11.1";"     7.9";"     731";"      43";"     913";"     651";"      73"
"257";"A045878";"A046368";"2018JJ00";"     999";"     5.9";"    1478";"     0.1";"     1.5";"    13.2";"     0.8";"    13.3";"     9.0";"    11.8";"     0.7";"    11.8";"     8.0";"    1002";"      59";"    1004";"     678";"      76"
"258";"A045878";"A046369";"2017JJ00";"    5119";"    30.4";"    8852";"     0.5";"     1.7";"    96.1";"     5.7";"    18.8";"    10.9";"    87.2";"     5.2";"    17.0";"     9.9";"    5282";"     314";"    1032";"     597";"      55"
"259";"A045878";"A046369";"2018JJ00";"    4856";"    28.6";"    8152";"     0.5";"     1.7";"    90.3";"     5.3";"    18.6";"    11.1";"    82.1";"     4.8";"    16.9";"    10.1";"    5063";"     299";"    1043";"     621";"      56"
"260";"A045878";"A046370";"2017JJ00";"    5504";"    32.7";"    8539";"     0.5";"     1.6";"    89.6";"     5.3";"    16.3";"    10.5";"    81.1";"     4.8";"    14.7";"     9.5";"    3608";"     214";"     656";"     423";"      40"
"261";"A045878";"A046370";"2018JJ00";"    5645";"    33.3";"    8874";"     0.5";"     1.6";"    94.6";"     5.6";"    16.8";"    10.7";"    85.7";"     5.1";"    15.2";"     9.7";"    3926";"     232";"     695";"     442";"      42"
"262";"A045878";"A046371";"2017JJ00";"    2384";"    14.2";"    3055";"     0.2";"     1.3";"    27.1";"     1.6";"    11.4";"     8.9";"    24.1";"     1.4";"    10.1";"     7.9";"    1740";"     103";"     730";"     569";"      64"
"263";"A045878";"A046371";"2018JJ00";"    2599";"    15.3";"    3302";"     0.2";"     1.3";"    29.8";"     1.8";"    11.5";"     9.0";"    26.5";"     1.6";"    10.2";"     8.0";"    1927";"     114";"     741";"     583";"      65"
"264";"A045878";"A046372";"2017JJ00";"    1554";"     9.2";"    1980";"     0.1";"     1.3";"    14.4";"     0.9";"     9.2";"     7.3";"    12.4";"     0.7";"     8.0";"     6.3";"    1196";"      71";"     770";"     604";"      83"
"265";"A045878";"A046372";"2018JJ00";"    1679";"     9.9";"    2155";"     0.1";"     1.3";"    15.7";"     0.9";"     9.3";"     7.3";"    13.5";"     0.8";"     8.0";"     6.3";"    1392";"      82";"     829";"     646";"      89"
"266";"A045878";"A047372";"2017JJ00";"    1330";"     7.9";"    3125";"     0.2";"     2.3";"    34.1";"     2.0";"    25.6";"    10.9";"    30.9";"     1.8";"    23.3";"     9.9";"     587";"      35";"     441";"     188";"      17"
"267";"A045878";"A047372";"2018JJ00";"    1382";"     8.2";"    2939";"     0.2";"     2.1";"    35.0";"     2.1";"    25.3";"    11.9";"    32.1";"     1.9";"    23.2";"    10.9";"     603";"      36";"     436";"     205";"      17"
"268";"A045878";"A046378";"2017JJ00";"    3089";"    18.3";"    3991";"     0.2";"     1.3";"    39.5";"     2.3";"    12.8";"     9.9";"    35.5";"     2.1";"    11.5";"     8.9";"    1907";"     113";"     617";"     478";"      48"
"269";"A045878";"A046378";"2018JJ00";"    2842";"    16.8";"    3625";"     0.2";"     1.3";"    36.3";"     2.1";"    12.8";"    10.0";"    32.7";"     1.9";"    11.5";"     9.0";"    1781";"     105";"     627";"     491";"      49"
"270";"A045878";"A046384";"2017JJ00";"    3135";"    18.6";"    3528";"     0.2";"     1.1";"    44.1";"     2.6";"    14.1";"    12.5";"    40.6";"     2.4";"    12.9";"    11.5";"    2687";"     160";"     857";"     762";"      61"
"271";"A045878";"A046384";"2018JJ00";"    3204";"    18.9";"    3674";"     0.2";"     1.1";"    44.0";"     2.6";"    13.7";"    12.0";"    40.3";"     2.4";"    12.6";"    11.0";"    2853";"     168";"     891";"     777";"      65"
"272";"A045878";"A046385";"2017JJ00";"    1899";"    11.3";"    2338";"     0.1";"     1.2";"    14.0";"     0.8";"     7.4";"     6.0";"    11.7";"     0.7";"     6.2";"     5.0";"    1251";"      74";"     659";"     535";"      89"
"273";"A045878";"A046385";"2018JJ00";"    1931";"    11.4";"    2285";"     0.1";"     1.2";"    14.6";"     0.9";"     7.6";"     6.4";"    12.3";"     0.7";"     6.4";"     5.4";"    1291";"      76";"     668";"     565";"      88"
"274";"A045878";"A046386";"2017JJ00";"    1455";"     8.6";"    1679";"     0.1";"     1.2";"    20.3";"     1.2";"    13.9";"    12.1";"    18.6";"     1.1";"    12.8";"    11.1";"     994";"      59";"     683";"     592";"      49"
"275";"A045878";"A046386";"2018JJ00";"    1476";"     8.7";"    1733";"     0.1";"     1.2";"    19.4";"     1.1";"    13.1";"    11.2";"    17.6";"     1.0";"    11.9";"    10.2";"     964";"      57";"     653";"     556";"      50"
"276";"A045878";"A046387";"2017JJ00";"    1166";"     6.9";"    1315";"     0.1";"     1.1";"    11.4";"     0.7";"     9.7";"     8.6";"    10.0";"     0.6";"     8.6";"     7.6";"     801";"      48";"     687";"     609";"      71"
"277";"A045878";"A046387";"2018JJ00";"    1208";"     7.1";"    1396";"     0.1";"     1.2";"    11.0";"     0.7";"     9.1";"     7.9";"     9.6";"     0.6";"     8.0";"     6.9";"     807";"      48";"     668";"     578";"      73"
"278";"A045878";"A046388";"2017JJ00";"     765";"     4.5";"     843";"     0.1";"     1.1";"     4.5";"     0.3";"     5.8";"     5.3";"     3.6";"     0.2";"     4.7";"     4.3";"     231";"      14";"     302";"     274";"      52"
"279";"A045878";"A046388";"2018JJ00";"     672";"     4.0";"     732";"     0.0";"     1.1";"     4.1";"     0.2";"     6.2";"     5.6";"     3.4";"     0.2";"     5.1";"     4.6";"     255";"      15";"     379";"     349";"      62"
"280";"A045878";"A046389";"2017JJ00";"    1058";"     6.3";"    1110";"     0.1";"     1.0";"    20.0";"     1.2";"    18.9";"    18.0";"    18.9";"     1.1";"    17.8";"    17.0";"    1890";"     112";"    1788";"    1703";"      95"
"281";"A045878";"A046389";"2018JJ00";"    1276";"     7.5";"    1323";"     0.1";"     1.0";"    23.4";"     1.4";"    18.4";"    17.7";"    22.1";"     1.3";"    17.3";"    16.7";"    2167";"     128";"    1697";"    1638";"      92"
"282";"A045878";"A046390";"2017JJ00";"    2668";"    15.8";"    3229";"     0.2";"     1.2";"    27.1";"     1.6";"    10.2";"     8.4";"    23.9";"     1.4";"     9.0";"     7.4";"    1101";"      65";"     413";"     341";"      41"
"283";"A045878";"A046390";"2018JJ00";"    2095";"    12.4";"    2424";"     0.1";"     1.2";"    19.5";"     1.1";"     9.3";"     8.0";"    17.0";"     1.0";"     8.1";"     7.0";"     867";"      51";"     414";"     358";"      45"
"284";"A045878";"A046391";"2017JJ00";"    2100";"    12.5";"    2392";"     0.1";"     1.1";"    22.4";"     1.3";"    10.7";"     9.4";"    20.0";"     1.2";"     9.5";"     8.4";"    1107";"      66";"     527";"     463";"      49"
"285";"A045878";"A046391";"2018JJ00";"    3209";"    18.9";"    3829";"     0.2";"     1.2";"    36.2";"     2.1";"    11.3";"     9.5";"    32.4";"     1.9";"    10.1";"     8.5";"    1723";"     102";"     537";"     450";"      48"
"286";"A045878";"A046393";"2017JJ00";"    4569";"    27.1";"    7325";"     0.4";"     1.6";"    22.9";"     1.4";"     5.0";"     3.1";"    15.6";"     0.9";"     3.4";"     2.1";"    1324";"      79";"     290";"     181";"      58"
"287";"A045878";"A046393";"2018JJ00";"    4556";"    26.9";"    7077";"     0.4";"     1.6";"    22.0";"     1.3";"     4.8";"     3.1";"    15.0";"     0.9";"     3.3";"     2.1";"    1402";"      83";"     308";"     198";"      64"
"288";"A045878";"A046394";"2017JJ00";"   11582";"    68.8";"   16225";"     1.0";"     1.4";"   214.3";"    12.7";"    18.5";"    13.2";"   198.1";"    11.8";"    17.1";"    12.2";"   11233";"     667";"     970";"     692";"      52"
"289";"A045878";"A046394";"2018JJ00";"   11683";"    68.9";"   16883";"     1.0";"     1.4";"   221.5";"    13.1";"    19.0";"    13.1";"   204.7";"    12.1";"    17.5";"    12.1";"   11908";"     703";"    1019";"     705";"      54"
"290";"A045878";"A046395";"2017JJ00";"    5305";"    31.5";"    6701";"     0.4";"     1.3";"    44.3";"     2.6";"     8.4";"     6.6";"    37.6";"     2.2";"     7.1";"     5.6";"    2577";"     153";"     486";"     385";"      58"
"291";"A045878";"A046395";"2018JJ00";"    5723";"    33.8";"    7137";"     0.4";"     1.2";"    47.7";"     2.8";"     8.3";"     6.7";"    40.5";"     2.4";"     7.1";"     5.7";"    2979";"     176";"     520";"     417";"      62"
"292";"A045878";"A046396";"2017JJ00";"    4595";"    27.3";"    5119";"     0.3";"     1.1";"    63.0";"     3.7";"    13.7";"    12.3";"    57.9";"     3.4";"    12.6";"    11.3";"    3883";"     231";"     845";"     758";"      62"
"293";"A045878";"A046396";"2018JJ00";"    4749";"    28.0";"    5308";"     0.3";"     1.1";"    64.5";"     3.8";"    13.6";"    12.1";"    59.1";"     3.5";"    12.5";"    11.1";"    4051";"     239";"     853";"     763";"      63"
"294";"A045878";"A046397";"2017JJ00";"    4132";"    24.5";"    4404";"     0.3";"     1.1";"   107.0";"     6.4";"    25.9";"    24.3";"   102.6";"     6.1";"    24.8";"    23.3";"    4773";"     283";"    1155";"    1084";"      45"
"295";"A045878";"A046397";"2018JJ00";"    4166";"    24.6";"    4438";"     0.3";"     1.1";"   109.4";"     6.5";"    26.3";"    24.7";"   105.0";"     6.2";"    25.2";"    23.7";"    4878";"     288";"    1171";"    1099";"      45"
"296";"A045878";"A047150";"2017JJ00";"    9280";"    55.1";"   15531";"     0.9";"     1.7";"   143.9";"     8.5";"    15.5";"     9.3";"   128.3";"     7.6";"    13.8";"     8.3";"    5106";"     303";"     550";"     329";"      35"
"297";"A045878";"A047150";"2018JJ00";"    9431";"    55.6";"   15553";"     0.9";"     1.6";"   147.0";"     8.7";"    15.6";"     9.5";"   131.5";"     7.8";"    13.9";"     8.5";"    5368";"     317";"     569";"     345";"      37"
"298";"A045878";"A047151";"2017JJ00";"    4541";"    27.0";"    5548";"     0.3";"     1.2";"    72.4";"     4.3";"    15.9";"    13.1";"    66.9";"     4.0";"    14.7";"    12.1";"    6321";"     375";"    1392";"    1139";"      87"
"299";"A045878";"A047151";"2018JJ00";"    4812";"    28.4";"    5942";"     0.4";"     1.2";"    75.9";"     4.5";"    15.8";"    12.8";"    70.0";"     4.1";"    14.5";"    11.8";"    6738";"     398";"    1400";"    1134";"      89"
"300";"A045878";"A018981";"2017JJ00";"     713";"     4.2";"     899";"     0.1";"     1.3";"     5.3";"     0.3";"     7.5";"     5.9";"     4.4";"     0.3";"     6.2";"     4.9";"     340";"      20";"     477";"     378";"      64"
"301";"A045878";"A018981";"2018JJ00";"     706";"     4.2";"     880";"     0.1";"     1.2";"     5.4";"     0.3";"     7.6";"     6.1";"     4.5";"     0.3";"     6.4";"     5.1";"     362";"      21";"     513";"     412";"      67"
"302";"A045878";"A047152";"2017JJ00";"    1168";"     6.9";"    1572";"     0.1";"     1.3";"    15.6";"     0.9";"    13.4";"     9.9";"    14.0";"     0.8";"    12.0";"     8.9";"     789";"      47";"     676";"     502";"      51"
"303";"A045878";"A047152";"2018JJ00";"    1143";"     6.7";"    1586";"     0.1";"     1.4";"    15.2";"     0.9";"    13.3";"     9.6";"    13.7";"     0.8";"    11.9";"     8.6";"     842";"      50";"     737";"     531";"      55"
"304";"A045879";"T001460";"2017JJ00";"    9534";"    56.6";"   17703";"     1.1";"     1.9";"   127.7";"     7.6";"    13.4";"     7.2";"   110.0";"     6.5";"    11.5";"     6.2";"    8080";"     480";"     847";"     456";"      63"
"305";"A045879";"T001460";"2018JJ00";"    9233";"    54.5";"   16894";"     1.0";"     1.8";"   123.3";"     7.3";"    13.4";"     7.3";"   106.5";"     6.3";"    11.5";"     6.3";"    8028";"     474";"     869";"     475";"      65"
"306";"A045879";"A046359";"2017JJ00";"    4950";"    29.4";"    7241";"     0.4";"     1.5";"    43.8";"     2.6";"     8.8";"     6.0";"    36.6";"     2.2";"     7.4";"     5.0";"    4342";"     258";"     877";"     600";"      99"
"307";"A045879";"A046359";"2018JJ00";"    4670";"    27.6";"    6797";"     0.4";"     1.5";"    42.2";"     2.5";"     9.0";"     6.2";"    35.4";"     2.1";"     7.6";"     5.2";"    4211";"     248";"     902";"     620";"     100"
"308";"A045879";"A046360";"2017JJ00";"    3551";"    21.1";"    5264";"     0.3";"     1.5";"    37.3";"     2.2";"    10.5";"     7.1";"    32.0";"     1.9";"     9.0";"     6.1";"    1295";"      77";"     365";"     246";"      35"
"309";"A045879";"A046360";"2018JJ00";"    3511";"    20.7";"    5101";"     0.3";"     1.5";"    34.0";"     2.0";"     9.7";"     6.7";"    28.9";"     1.7";"     8.2";"     5.7";"    1267";"      75";"     361";"     248";"      37"
"310";"A045879";"A046361";"2017JJ00";"     988";"     5.9";"    1120";"     0.1";"     1.1";"     9.9";"     0.6";"    10.1";"     8.9";"     8.8";"     0.5";"     8.9";"     7.9";"     740";"      44";"     749";"     661";"      75"
"311";"A045879";"A046361";"2018JJ00";"    1005";"     5.9";"    1115";"     0.1";"     1.1";"    10.9";"     0.6";"    10.9";"     9.8";"     9.8";"     0.6";"     9.8";"     8.8";"     865";"      51";"     861";"     776";"      79"
"312";"A045879";"A046362";"2017JJ00";"     517";"     3.1";"     802";"     0.0";"     1.6";"     9.9";"     0.6";"    19.2";"    12.4";"     9.1";"     0.5";"    17.7";"    11.4";"     286";"      17";"     553";"     357";"      29"
"313";"A045879";"A046362";"2018JJ00";"     530";"     3.1";"     787";"     0.0";"     1.5";"    11.9";"     0.7";"    22.4";"    15.1";"    11.1";"     0.7";"    20.9";"    14.1";"     319";"      19";"     603";"     406";"      27"
"314";"A045879";"A046363";"2017JJ00";"    2160";"    12.8";"    2701";"     0.2";"     1.3";"    22.8";"     1.4";"    10.6";"     8.4";"    20.1";"     1.2";"     9.3";"     7.4";"    1050";"      62";"     486";"     389";"      46"
"315";"A045879";"A046363";"2018JJ00";"    2054";"    12.1";"    2608";"     0.2";"     1.3";"    20.6";"     1.2";"    10.0";"     7.9";"    18.0";"     1.1";"     8.7";"     6.9";"     983";"      58";"     479";"     377";"      48"
"316";"A045879";"A046366";"2017JJ00";"     460";"     2.7";"     574";"     0.0";"     1.2";"     3.9";"     0.2";"     8.5";"     6.8";"     3.3";"     0.2";"     7.2";"     5.8";"     366";"      22";"     796";"     637";"      94"
"317";"A045879";"A046366";"2018JJ00";"     397";"     2.3";"     486";"     0.0";"     1.2";"     3.8";"     0.2";"     9.6";"     7.8";"     3.3";"     0.2";"     8.4";"     6.8";"     382";"      23";"     962";"     786";"     100"
"318";"A045879";"A046406";"2017JJ00";"     987";"     5.9";"    2107";"     0.1";"     2.1";"    18.4";"     1.1";"    18.6";"     8.7";"    16.3";"     1.0";"    16.5";"     7.7";"     308";"      18";"     312";"     146";"      17"
"319";"A045879";"A046406";"2018JJ00";"     947";"     5.6";"    1977";"     0.1";"     2.1";"    17.8";"     1.0";"    18.8";"     9.0";"    15.8";"     0.9";"    16.7";"     8.0";"     321";"      19";"     339";"     162";"      18"
"320";"A045879";"A046399";"2017JJ00";"    3283";"    19.5";"    4283";"     0.3";"     1.3";"    39.7";"     2.4";"    12.1";"     9.3";"    35.4";"     2.1";"    10.8";"     8.3";"    4292";"     255";"    1307";"    1002";"     108"
"321";"A045879";"A046399";"2018JJ00";"    3189";"    18.8";"    4111";"     0.2";"     1.3";"    39.2";"     2.3";"    12.3";"     9.5";"    35.1";"     2.1";"    11.0";"     8.5";"    4259";"     251";"    1335";"    1036";"     109"
"322";"A045879";"A046400";"2017JJ00";"    1801";"    10.7";"    2089";"     0.1";"     1.2";"    20.9";"     1.2";"    11.6";"    10.0";"    18.9";"     1.1";"    10.5";"     9.0";"    2393";"     142";"    1329";"    1145";"     114"
"323";"A045879";"A046400";"2018JJ00";"    1724";"    10.2";"    2008";"     0.1";"     1.2";"    20.0";"     1.2";"    11.6";"    10.0";"    18.0";"     1.1";"    10.4";"     9.0";"    2273";"     134";"    1319";"    1132";"     114"
"324";"A045879";"A046401";"2017JJ00";"    1764";"    10.5";"    2194";"     0.1";"     1.2";"    18.8";"     1.1";"    10.6";"     8.6";"    16.6";"     1.0";"     9.4";"     7.6";"    1899";"     113";"    1076";"     865";"     101"
"325";"A045879";"A046401";"2018JJ00";"    1715";"    10.1";"    2103";"     0.1";"     1.2";"    19.2";"     1.1";"    11.2";"     9.1";"    17.1";"     1.0";"    10.0";"     8.1";"    1985";"     117";"    1158";"     944";"     103"
"326";"A045879";"A046402";"2017JJ00";"    5193";"    30.8";"    7326";"     0.4";"     1.4";"    36.3";"     2.2";"     7.0";"     4.9";"    28.9";"     1.7";"     5.6";"     3.9";"    2020";"     120";"     389";"     276";"      56"
"327";"A045879";"A046402";"2018JJ00";"    5439";"    32.1";"    7754";"     0.5";"     1.4";"    40.8";"     2.4";"     7.5";"     5.3";"    33.1";"     2.0";"     6.1";"     4.3";"    2311";"     136";"     425";"     298";"      57"
"328";"A045879";"A046403";"2017JJ00";"     832";"     4.9";"     963";"     0.1";"     1.2";"    13.5";"     0.8";"    16.2";"    14.0";"    12.5";"     0.7";"    15.1";"    13.0";"     821";"      49";"     988";"     853";"      61"
"329";"A045879";"A046403";"2018JJ00";"     722";"     4.3";"     829";"     0.0";"     1.1";"    10.7";"     0.6";"    14.8";"    12.9";"     9.9";"     0.6";"    13.7";"    11.9";"     680";"      40";"     942";"     821";"      64"
"330";"A045879";"A046404";"2017JJ00";"    2363";"    14.0";"    3023";"     0.2";"     1.3";"    19.8";"     1.2";"     8.4";"     6.5";"    16.8";"     1.0";"     7.1";"     5.5";"     639";"      38";"     270";"     211";"      32"
"331";"A045879";"A046404";"2018JJ00";"    1758";"    10.4";"    2223";"     0.1";"     1.3";"    14.9";"     0.9";"     8.5";"     6.7";"    12.6";"     0.7";"     7.2";"     5.7";"     457";"      27";"     260";"     205";"      31"
"332";"A045879";"A046368";"2017JJ00";"     823";"     4.9";"    1174";"     0.1";"     1.4";"    10.3";"     0.6";"    12.5";"     8.8";"     9.1";"     0.5";"    11.1";"     7.8";"     728";"      43";"     885";"     621";"      71"
"333";"A045879";"A046368";"2018JJ00";"     892";"     5.3";"    1396";"     0.1";"     1.6";"    12.0";"     0.7";"    13.5";"     8.6";"    10.6";"     0.6";"    11.9";"     7.6";"     990";"      58";"    1110";"     709";"      82"
"334";"A045879";"A046369";"2017JJ00";"    3813";"    22.6";"    6523";"     0.4";"     1.7";"    53.4";"     3.2";"    14.0";"     8.2";"    46.9";"     2.8";"    12.3";"     7.2";"    3532";"     210";"     926";"     542";"      66"
"335";"A045879";"A046369";"2018JJ00";"    3509";"    20.7";"    5747";"     0.3";"     1.6";"    46.8";"     2.8";"    13.3";"     8.1";"    41.1";"     2.4";"    11.7";"     7.1";"    3068";"     181";"     874";"     534";"      66"
"336";"A045879";"A046370";"2017JJ00";"    3735";"    22.2";"    5701";"     0.3";"     1.5";"    36.7";"     2.2";"     9.8";"     6.4";"    31.0";"     1.8";"     8.3";"     5.4";"    1650";"      98";"     442";"     289";"      45"
"337";"A045879";"A046370";"2018JJ00";"    3597";"    21.2";"    5519";"     0.3";"     1.5";"    37.5";"     2.2";"    10.4";"     6.8";"    32.0";"     1.9";"     8.9";"     5.8";"    1733";"     102";"     482";"     314";"      46"
"338";"A045879";"A046371";"2017JJ00";"    2093";"    12.4";"    2601";"     0.2";"     1.2";"    17.6";"     1.0";"     8.4";"     6.8";"    15.0";"     0.9";"     7.2";"     5.8";"    1337";"      79";"     639";"     514";"      76"
"339";"A045879";"A046371";"2018JJ00";"    2007";"    11.8";"    2482";"     0.1";"     1.2";"    16.3";"     1.0";"     8.1";"     6.6";"    13.8";"     0.8";"     6.9";"     5.6";"    1165";"      69";"     581";"     469";"      71"
"340";"A045879";"A046372";"2017JJ00";"    1304";"     7.7";"    1704";"     0.1";"     1.3";"     9.7";"     0.6";"     7.4";"     5.7";"     8.0";"     0.5";"     6.1";"     4.7";"     832";"      49";"     638";"     488";"      86"
"341";"A045879";"A046372";"2018JJ00";"    1308";"     7.7";"    1750";"     0.1";"     1.3";"    10.7";"     0.6";"     8.2";"     6.1";"     8.9";"     0.5";"     6.8";"     5.1";"    1070";"      63";"     818";"     612";"     100"
"342";"A045879";"A047372";"2017JJ00";"     987";"     5.9";"    2107";"     0.1";"     2.1";"    18.4";"     1.1";"    18.6";"     8.7";"    16.3";"     1.0";"    16.5";"     7.7";"     308";"      18";"     312";"     146";"      17"
"343";"A045879";"A047372";"2018JJ00";"     947";"     5.6";"    1977";"     0.1";"     2.1";"    17.8";"     1.0";"    18.8";"     9.0";"    15.8";"     0.9";"    16.7";"     8.0";"     321";"      19";"     339";"     162";"      18"
"344";"A045879";"A046378";"2017JJ00";"    2491";"    14.8";"    3143";"     0.2";"     1.3";"    23.0";"     1.4";"     9.2";"     7.3";"    19.8";"     1.2";"     8.0";"     6.3";"    1548";"      92";"     621";"     493";"      67"
"345";"A045879";"A046378";"2018JJ00";"    2256";"    13.3";"    2862";"     0.2";"     1.3";"    21.2";"     1.3";"     9.4";"     7.4";"    18.3";"     1.1";"     8.1";"     6.4";"    1494";"      88";"     662";"     522";"      70"
"346";"A045879";"A046384";"2017JJ00";"    1167";"     6.9";"    1313";"     0.1";"     1.1";"    13.7";"     0.8";"    11.7";"    10.4";"    12.3";"     0.7";"    10.6";"     9.4";"    1061";"      63";"     909";"     808";"      78"
"347";"A045879";"A046384";"2018JJ00";"    1146";"     6.8";"    1250";"     0.1";"     1.1";"    13.4";"     0.8";"    11.7";"    10.7";"    12.1";"     0.7";"    10.6";"     9.7";"    1044";"      62";"     911";"     835";"      78"
"348";"A045879";"A046385";"2017JJ00";"    2138";"    12.7";"    2774";"     0.2";"     1.3";"    13.5";"     0.8";"     6.3";"     4.8";"    10.7";"     0.6";"     5.0";"     3.8";"    1197";"      71";"     560";"     431";"      89"
"349";"A045879";"A046385";"2018JJ00";"    2135";"    12.6";"    2690";"     0.2";"     1.3";"    13.0";"     0.8";"     6.1";"     4.8";"    10.3";"     0.6";"     4.8";"     3.8";"    1228";"      72";"     575";"     457";"      94"
"350";"A045879";"A046386";"2017JJ00";"     774";"     4.6";"     898";"     0.1";"     1.2";"     7.4";"     0.4";"     9.6";"     8.3";"     6.5";"     0.4";"     8.4";"     7.3";"     493";"      29";"     638";"     550";"      66"
"351";"A045879";"A046386";"2018JJ00";"     660";"     3.9";"     745";"     0.0";"     1.1";"     6.1";"     0.4";"     9.2";"     8.2";"     5.3";"     0.3";"     8.1";"     7.2";"     390";"      23";"     591";"     524";"      64"
"352";"A045879";"A046387";"2017JJ00";"     884";"     5.3";"    1017";"     0.1";"     1.1";"     5.5";"     0.3";"     6.3";"     5.5";"     4.5";"     0.3";"     5.1";"     4.5";"     468";"      28";"     529";"     460";"      84"
"353";"A045879";"A046387";"2018JJ00";"     934";"     5.5";"    1074";"     0.1";"     1.1";"     5.6";"     0.3";"     6.0";"     5.2";"     4.5";"     0.3";"     4.8";"     4.2";"     442";"      26";"     473";"     411";"      79"
"354";"A045879";"A046388";"2017JJ00";"     794";"     4.7";"     899";"     0.1";"     1.1";"     3.6";"     0.2";"     4.5";"     4.0";"     2.7";"     0.2";"     3.4";"     3.0";"     276";"      16";"     348";"     307";"      77"
"355";"A045879";"A046388";"2018JJ00";"     775";"     4.6";"     864";"     0.1";"     1.1";"     4.8";"     0.3";"     6.3";"     5.6";"     4.0";"     0.2";"     5.1";"     4.6";"     327";"      19";"     422";"     378";"      67"
"356";"A045879";"A046389";"2017JJ00";"     550";"     3.3";"     573";"     0.0";"     1.0";"    10.3";"     0.6";"    18.7";"    17.9";"     9.7";"     0.6";"    17.6";"    16.9";"    1114";"      66";"    2025";"    1946";"     108"
"357";"A045879";"A046389";"2018JJ00";"     457";"     2.7";"     480";"     0.0";"     1.1";"     9.2";"     0.5";"    20.1";"    19.1";"     8.7";"     0.5";"    19.1";"    18.1";"     963";"      57";"    2109";"    2007";"     105"
"358";"A045879";"A046390";"2017JJ00";"    2610";"    15.5";"    3134";"     0.2";"     1.2";"    20.0";"     1.2";"     7.7";"     6.4";"    16.9";"     1.0";"     6.5";"     5.4";"     927";"      55";"     355";"     296";"      46"
"359";"A045879";"A046390";"2018JJ00";"    2101";"    12.4";"    2584";"     0.2";"     1.2";"    16.1";"     1.0";"     7.7";"     6.2";"    13.6";"     0.8";"     6.5";"     5.2";"     840";"      50";"     400";"     325";"      52"
"360";"A045879";"A046391";"2017JJ00";"    1637";"     9.7";"    1845";"     0.1";"     1.1";"    12.3";"     0.7";"     7.5";"     6.7";"    10.4";"     0.6";"     6.4";"     5.7";"     688";"      41";"     420";"     373";"      56"
"361";"A045879";"A046391";"2018JJ00";"    1957";"    11.5";"    2368";"     0.1";"     1.2";"    16.1";"     1.0";"     8.2";"     6.8";"    13.8";"     0.8";"     7.0";"     5.8";"     979";"      58";"     500";"     413";"      61"
"362";"A045879";"A046393";"2017JJ00";"    5266";"    31.3";"    8174";"     0.5";"     1.6";"    25.2";"     1.5";"     4.8";"     3.1";"    17.0";"     1.0";"     3.2";"     2.1";"    1488";"      88";"     283";"     182";"      59"
"363";"A045879";"A046393";"2018JJ00";"    5153";"    30.4";"    7762";"     0.5";"     1.5";"    24.1";"     1.4";"     4.7";"     3.1";"    16.3";"     1.0";"     3.2";"     2.1";"    1637";"      97";"     318";"     211";"      68"
"364";"A045879";"A046394";"2017JJ00";"    6578";"    39.1";"    9529";"     0.6";"     1.4";"   102.5";"     6.1";"    15.6";"    10.8";"    93.0";"     5.5";"    14.1";"     9.8";"    6592";"     391";"    1002";"     692";"      64"
"365";"A045879";"A046394";"2018JJ00";"    6375";"    37.6";"    9132";"     0.5";"     1.4";"    99.2";"     5.9";"    15.6";"    10.9";"    90.1";"     5.3";"    14.1";"     9.9";"    6391";"     377";"    1002";"     700";"      64"
"366";"A045879";"A046395";"2017JJ00";"    4519";"    26.8";"    5850";"     0.3";"     1.3";"    38.3";"     2.3";"     8.5";"     6.6";"    32.5";"     1.9";"     7.2";"     5.6";"    2464";"     146";"     545";"     421";"      64"
"367";"A045879";"A046395";"2018JJ00";"    4289";"    25.3";"    5521";"     0.3";"     1.3";"    36.0";"     2.1";"     8.4";"     6.5";"    30.4";"     1.8";"     7.1";"     5.5";"    2312";"     136";"     539";"     419";"      64"
"368";"A045879";"A046396";"2017JJ00";"    2076";"    12.3";"    2386";"     0.1";"     1.1";"    26.4";"     1.6";"    12.7";"    11.1";"    24.0";"     1.4";"    11.6";"    10.1";"    1960";"     116";"     944";"     821";"      74"
"369";"A045879";"A046396";"2018JJ00";"    1996";"    11.8";"    2317";"     0.1";"     1.2";"    25.8";"     1.5";"    12.9";"    11.1";"    23.5";"     1.4";"    11.8";"    10.1";"    1873";"     111";"     938";"     809";"      73"
"370";"A045879";"A046397";"2017JJ00";"    1149";"     6.8";"    1293";"     0.1";"     1.1";"    37.7";"     2.2";"    32.8";"    29.2";"    36.4";"     2.2";"    31.7";"    28.2";"    2169";"     129";"    1888";"    1678";"      58"
"371";"A045879";"A046397";"2018JJ00";"    1155";"     6.8";"    1295";"     0.1";"     1.1";"    37.5";"     2.2";"    32.4";"    28.9";"    36.2";"     2.1";"    31.3";"    27.9";"    2205";"     130";"    1910";"    1703";"      59"
"372";"A045879";"A047150";"2017JJ00";"    6924";"    41.1";"   11389";"     0.7";"     1.6";"    65.0";"     3.9";"     9.4";"     5.7";"    53.6";"     3.2";"     7.7";"     4.7";"    2689";"     160";"     388";"     236";"      41"
"373";"A045879";"A047150";"2018JJ00";"    6665";"    39.3";"   10838";"     0.6";"     1.6";"    62.2";"     3.7";"     9.3";"     5.7";"    51.4";"     3.0";"     7.7";"     4.7";"    2718";"     160";"     408";"     251";"      44"
"374";"A045879";"A047151";"2017JJ00";"    3504";"    20.8";"    4566";"     0.3";"     1.3";"    53.0";"     3.1";"    15.1";"    11.6";"    48.5";"     2.9";"    13.8";"    10.6";"    4882";"     290";"    1393";"    1069";"      92"
"375";"A045879";"A047151";"2018JJ00";"    3303";"    19.5";"    4381";"     0.3";"     1.3";"    51.6";"     3.0";"    15.6";"    11.8";"    47.2";"     2.8";"    14.3";"    10.8";"    4716";"     278";"    1428";"    1077";"      91"
"376";"A045879";"A018981";"2017JJ00";"     665";"     4.0";"     844";"     0.1";"     1.3";"     3.5";"     0.2";"     5.3";"     4.2";"     2.7";"     0.2";"     4.0";"     3.2";"     218";"      13";"     328";"     259";"      62"
"377";"A045879";"A018981";"2018JJ00";"     648";"     3.8";"     825";"     0.0";"     1.3";"     3.6";"     0.2";"     5.6";"     4.4";"     2.8";"     0.2";"     4.3";"     3.4";"     270";"      16";"     416";"     327";"      74"
"378";"A045879";"A047152";"2017JJ00";"     718";"     4.3";"     905";"     0.1";"     1.3";"     6.1";"     0.4";"     8.5";"     6.8";"     5.2";"     0.3";"     7.3";"     5.8";"     291";"      17";"     405";"     322";"      47"
"379";"A045879";"A047152";"2018JJ00";"     656";"     3.9";"     851";"     0.1";"     1.3";"     5.9";"     0.3";"     9.0";"     6.9";"     5.0";"     0.3";"     7.7";"     5.9";"     324";"      19";"     494";"     381";"      55"
